Instance name, X location, Y location, Voltage
FILLER_0_96_357, 175.44, 274.72, 1.79999
FILLER_0_97_377, 175.44, 274.72, 1.79999
FILLER_0_94_357, 175.44, 269.28, 1.8
FILLER_0_92_357, 175.44, 263.84, 1.8
FILLER_0_90_357, 175.44, 258.4, 1.8
FILLER_0_88_357, 175.44, 252.96, 1.8
FILLER_0_86_357, 175.44, 247.52, 1.8
FILLER_0_84_357, 175.44, 242.08, 1.8
FILLER_0_82_357, 175.44, 236.64, 1.8
FILLER_0_80_357, 175.44, 231.2, 1.8
FILLER_0_78_357, 175.44, 225.76, 1.8
FILLER_0_76_357, 175.44, 220.32, 1.8
FILLER_0_74_357, 175.44, 214.88, 1.8
FILLER_0_72_357, 175.44, 209.44, 1.8
FILLER_0_70_357, 175.44, 204, 1.8
FILLER_0_68_357, 175.44, 198.56, 1.8
FILLER_0_66_357, 175.44, 193.12, 1.8
FILLER_0_64_357, 175.44, 187.68, 1.8
FILLER_0_62_357, 175.44, 182.24, 1.8
FILLER_0_60_357, 175.44, 176.8, 1.8
FILLER_0_58_357, 175.44, 171.36, 1.8
FILLER_0_56_357, 175.44, 165.92, 1.8
FILLER_0_54_357, 175.44, 160.48, 1.8
FILLER_0_52_357, 175.44, 155.04, 1.79999
FILLER_0_50_361, 175.44, 149.6, 1.79998
_426_, 175.44, 144.16, 1.79997
hold194, 175.44, 144.16, 1.79997
FILLER_0_48_357, 175.44, 144.16, 1.79997
FILLER_0_49_370, 175.44, 144.16, 1.79997
_629_, 175.44, 138.72, 1.79993
_637_, 175.44, 138.72, 1.79993
clkbuf_leaf_9_clk, 175.44, 138.72, 1.79993
hold193, 175.44, 138.72, 1.79993
FILLER_0_47_357, 175.44, 138.72, 1.79993
FILLER_0_47_381, 175.44, 138.72, 1.79993
FILLER_0_48_377, 175.44, 138.72, 1.79993
_434_, 175.44, 133.28, 1.79995
FILLER_0_44_357, 175.44, 133.28, 1.79995
FILLER_0_45_361, 175.44, 133.28, 1.79995
FILLER_0_45_369, 175.44, 133.28, 1.79995
_630_, 175.44, 127.84, 1.79996
hold187, 175.44, 127.84, 1.79996
FILLER_0_42_358, 175.44, 127.84, 1.79996
FILLER_0_43_357, 175.44, 127.84, 1.79996
hold179, 175.44, 122.4, 1.79997
FILLER_0_40_361, 175.44, 122.4, 1.79997
FILLER_0_40_365, 175.44, 122.4, 1.79997
FILLER_0_41_381, 175.44, 122.4, 1.79997
FILLER_0_38_357, 175.44, 116.96, 1.79998
FILLER_0_38_365, 175.44, 116.96, 1.79998
_636_, 175.44, 111.52, 1.79997
hold176, 175.44, 111.52, 1.79997
FILLER_0_36_356, 175.44, 111.52, 1.79997
FILLER_0_36_365, 175.44, 111.52, 1.79997
FILLER_0_37_357, 175.44, 111.52, 1.79997
_633_, 175.44, 106.08, 1.79992
FILLER_0_34_357, 175.44, 106.08, 1.79992
_628_, 175.44, 100.64, 1.79996
hold153, 175.44, 100.64, 1.79996
FILLER_0_32_358, 175.44, 100.64, 1.79996
_424_, 175.44, 95.2, 1.79996
_433_, 175.44, 95.2, 1.79996
hold202, 175.44, 95.2, 1.79996
FILLER_0_30_365, 175.44, 95.2, 1.79996
_635_, 175.44, 89.76, 1.79993
FILLER_0_28_357, 175.44, 89.76, 1.79993
FILLER_0_29_361, 175.44, 89.76, 1.79993
FILLER_0_29_369, 175.44, 89.76, 1.79993
_423_, 175.44, 84.32, 1.79993
hold113, 175.44, 84.32, 1.79993
FILLER_0_26_361, 175.44, 84.32, 1.79993
FILLER_0_27_381, 175.44, 84.32, 1.79993
_634_, 175.44, 78.88, 1.79988
hold115, 175.44, 78.88, 1.79988
FILLER_0_24_357, 175.44, 78.88, 1.79988
FILLER_0_24_365, 175.44, 78.88, 1.79988
_436_, 175.44, 73.44, 1.79993
_631_, 175.44, 73.44, 1.79993
clkbuf_leaf_12_clk, 175.44, 73.44, 1.79993
FILLER_0_22_357, 175.44, 73.44, 1.79993
FILLER_0_23_361, 175.44, 73.44, 1.79993
hold44, 175.44, 68, 1.79995
FILLER_0_20_358, 175.44, 68, 1.79995
FILLER_0_21_381, 175.44, 68, 1.79995
_632_, 175.44, 62.56, 1.79994
FILLER_0_18_357, 175.44, 62.56, 1.79994
FILLER_0_19_361, 175.44, 62.56, 1.79994
_432_, 175.44, 57.12, 1.79993
_437_, 175.44, 57.12, 1.79993
_627_, 175.44, 57.12, 1.79993
FILLER_0_16_357, 175.44, 57.12, 1.79993
FILLER_0_17_381, 175.44, 57.12, 1.79993
FILLER_0_18_377, 175.44, 57.12, 1.79993
fanout275, 175.44, 51.68, 1.79997
_429_, 175.44, 46.24, 1.79995
FILLER_0_12_357, 175.44, 46.24, 1.79995
FILLER_0_13_376, 175.44, 46.24, 1.79995
_430_, 175.44, 40.8, 1.79996
FILLER_0_10_356, 175.44, 40.8, 1.79996
_428_, 175.44, 35.36, 1.79996
hold38, 175.44, 35.36, 1.79996
_427_, 175.44, 19.04, 1.79991
_431_, 175.44, 19.04, 1.79991
output74, 175.44, 19.04, 1.79991
output76, 175.44, 19.04, 1.79991
_638_, 175.44, 13.6, 1.79983
output69, 175.44, 13.6, 1.79983
output70, 175.44, 13.6, 1.79983
output72, 175.44, 13.6, 1.79983
output75, 175.44, 13.6, 1.79983
output77, 175.44, 13.6, 1.79983
output78, 175.44, 13.6, 1.79983
output79, 175.44, 13.6, 1.79983
output80, 175.44, 13.6, 1.79983
output82, 175.44, 13.6, 1.79983
output83, 175.44, 13.6, 1.79983
output85, 175.44, 13.6, 1.79983
hold12, 175.44, 13.6, 1.79983
FILLER_0_0_361, 175.44, 13.6, 1.79983
FILLER_0_97_41, 21.84, 274.72, 1.8
_708_, 21.84, 149.6, 1.79998
FILLER_0_50_29, 21.84, 149.6, 1.79998
FILLER_0_49_42, 21.84, 144.16, 1.79998
FILLER_0_44_29, 21.84, 133.28, 1.79996
_272_, 21.84, 127.84, 1.79998
_707_, 21.84, 127.84, 1.79998
FILLER_0_43_39, 21.84, 127.84, 1.79998
FILLER_0_40_29, 21.84, 122.4, 1.79998
_703_, 21.84, 116.96, 1.79998
_704_, 21.84, 111.52, 1.79997
FILLER_0_37_27, 21.84, 111.52, 1.79997
FILLER_0_36_41, 21.84, 106.08, 1.79995
FILLER_0_36_49, 21.84, 106.08, 1.79995
_705_, 21.84, 95.2, 1.79997
hold216, 21.84, 95.2, 1.79997
FILLER_0_31_27, 21.84, 95.2, 1.79997
FILLER_0_31_35, 21.84, 95.2, 1.79997
FILLER_0_31_46, 21.84, 95.2, 1.79997
FILLER_0_32_41, 21.84, 95.2, 1.79997
FILLER_0_27_45, 21.84, 84.32, 1.79994
fanout261, 21.84, 73.44, 1.79998
fanout260, 21.84, 68, 1.79995
hold65, 21.84, 68, 1.79995
FILLER_0_21_40, 21.84, 68, 1.79995
_483_, 21.84, 57.12, 1.79996
FILLER_0_17_27, 21.84, 57.12, 1.79996
_288_, 21.84, 51.68, 1.79998
FILLER_0_16_41, 21.84, 51.68, 1.79998
FILLER_0_16_47, 21.84, 51.68, 1.79998
_499_, 21.84, 46.24, 1.79997
hold82, 21.84, 46.24, 1.79997
FILLER_0_14_41, 21.84, 46.24, 1.79997
fanout259, 21.84, 40.8, 1.79997
hold92, 21.84, 40.8, 1.79997
FILLER_0_10_29, 21.84, 40.8, 1.79997
FILLER_0_11_46, 21.84, 40.8, 1.79997
FILLER_0_12_43, 21.84, 40.8, 1.79997
_511_, 21.84, 35.36, 1.79997
FILLER_0_8_29, 21.84, 35.36, 1.79997
FILLER_0_9_49, 21.84, 35.36, 1.79997
_316_, 21.84, 29.92, 1.79995
clkbuf_leaf_21_clk, 21.84, 29.92, 1.79995
_283_, 21.84, 24.48, 1.79996
_299_, 21.84, 19.04, 1.79994
_480_, 21.84, 19.04, 1.79994
_510_, 21.84, 19.04, 1.79994
hold55, 21.84, 19.04, 1.79994
FILLER_0_3_27, 21.84, 19.04, 1.79994
output18, 21.84, 13.6, 1.79991
output62, 21.84, 13.6, 1.79991
output180, 21.84, 13.6, 1.79991
output213, 21.84, 13.6, 1.79991
output235, 21.84, 13.6, 1.79991
output257, 21.84, 13.6, 1.79991
FILLER_0_0_29, 21.84, 13.6, 1.79991
FILLER_0_1_39, 21.84, 13.6, 1.79991
PHY_EDGE_ROW_96_Left_194, 5.52, 274.72, 1.8
PHY_EDGE_ROW_97_Left_195, 5.52, 274.72, 1.8
FILLER_0_97_3, 5.52, 274.72, 1.8
PHY_EDGE_ROW_96_Right_96, 273.7, 274.72, 1.79998
PHY_EDGE_ROW_97_Right_97, 273.7, 274.72, 1.79998
FILLER_0_96_577, 273.7, 274.72, 1.79998
input1, 13.68, 274.72, 1.8
FILLER_0_97_11, 13.68, 274.72, 1.8
FILLER_0_97_18, 13.68, 274.72, 1.8
input8, 34.64, 274.72, 1.79999
input9, 47.44, 274.72, 1.79999
FILLER_0_97_81, 47.44, 274.72, 1.79999
FILLER_0_97_85, 47.44, 274.72, 1.79999
input10, 60.24, 274.72, 1.79999
FILLER_0_97_129, 60.24, 274.72, 1.79999
FILLER_0_96_133, 73.04, 274.72, 1.79999
FILLER_0_97_137, 73.04, 274.72, 1.79999
FILLER_0_97_153, 73.04, 274.72, 1.79999
input11, 85.84, 274.72, 1.79999
FILLER_0_97_165, 85.84, 274.72, 1.79999
input12, 98.64, 274.72, 1.79998
FILLER_0_96_189, 98.64, 274.72, 1.79998
FILLER_0_97_193, 98.64, 274.72, 1.79998
FILLER_0_97_215, 98.64, 274.72, 1.79998
input13, 111.44, 274.72, 1.79998
FILLER_0_97_225, 111.44, 274.72, 1.79998
FILLER_0_97_233, 111.44, 274.72, 1.79998
FILLER_0_96_245, 124.24, 274.72, 1.79999
FILLER_0_97_265, 124.24, 274.72, 1.79999
input14, 137.04, 274.72, 1.79999
FILLER_0_97_277, 137.04, 274.72, 1.79999
input15, 149.84, 274.72, 1.79999
FILLER_0_96_301, 149.84, 274.72, 1.79999
FILLER_0_97_305, 149.84, 274.72, 1.79999
FILLER_0_97_326, 149.84, 274.72, 1.79999
input16, 162.64, 274.72, 1.79999
FILLER_0_97_337, 162.64, 274.72, 1.79999
input2, 187.722, 274.72, 1.79999
FILLER_0_97_388, 187.722, 274.72, 1.79999
input3, 200.005, 274.72, 1.79999
FILLER_0_96_413, 200.005, 274.72, 1.79999
FILLER_0_97_417, 200.005, 274.72, 1.79999
input4, 212.287, 274.72, 1.79998
FILLER_0_97_449, 212.287, 274.72, 1.79998
FILLER_0_96_469, 224.57, 274.72, 1.79998
FILLER_0_97_473, 224.57, 274.72, 1.79998
FILLER_0_97_489, 224.57, 274.72, 1.79998
input5, 236.852, 274.72, 1.79998
FILLER_0_97_498, 236.852, 274.72, 1.79998
input6, 249.135, 274.72, 1.79998
FILLER_0_96_525, 249.135, 274.72, 1.79998
FILLER_0_97_529, 249.135, 274.72, 1.79998
input7, 261.417, 274.72, 1.79998
FILLER_0_97_555, 261.417, 274.72, 1.79998
FILLER_0_97_561, 261.417, 274.72, 1.79998
PHY_EDGE_ROW_94_Left_192, 5.52, 269.28, 1.8
PHY_EDGE_ROW_95_Left_193, 5.52, 269.28, 1.8
PHY_EDGE_ROW_94_Right_94, 273.7, 269.28, 1.8
PHY_EDGE_ROW_95_Right_95, 273.7, 269.28, 1.8
FILLER_0_94_577, 273.7, 269.28, 1.8
FILLER_0_95_573, 273.7, 269.28, 1.8
FILLER_0_95_51, 34.64, 269.28, 1.8
FILLER_0_96_77, 34.64, 269.28, 1.8
FILLER_0_95_105, 47.44, 269.28, 1.8
FILLER_0_94_133, 73.04, 269.28, 1.8
FILLER_0_95_161, 85.84, 269.28, 1.8
FILLER_0_94_189, 98.64, 269.28, 1.8
FILLER_0_95_217, 111.44, 269.28, 1.8
FILLER_0_94_245, 124.24, 269.28, 1.8
FILLER_0_95_273, 137.04, 269.28, 1.8
FILLER_0_94_301, 149.84, 269.28, 1.8
FILLER_0_95_329, 162.64, 269.28, 1.8
FILLER_0_95_385, 187.722, 269.28, 1.8
FILLER_0_94_413, 200.005, 269.28, 1.8
FILLER_0_95_441, 212.287, 269.28, 1.8
FILLER_0_94_469, 224.57, 269.28, 1.8
FILLER_0_95_497, 236.852, 269.28, 1.8
FILLER_0_94_525, 249.135, 269.28, 1.8
FILLER_0_95_553, 261.417, 269.28, 1.8
FILLER_0_96_569, 261.417, 269.28, 1.8
PHY_EDGE_ROW_92_Left_190, 5.52, 263.84, 1.8
PHY_EDGE_ROW_93_Left_191, 5.52, 263.84, 1.8
PHY_EDGE_ROW_92_Right_92, 273.7, 263.84, 1.8
PHY_EDGE_ROW_93_Right_93, 273.7, 263.84, 1.8
FILLER_0_92_577, 273.7, 263.84, 1.8
FILLER_0_93_573, 273.7, 263.84, 1.8
FILLER_0_93_51, 34.64, 263.84, 1.8
FILLER_0_94_77, 34.64, 263.84, 1.8
FILLER_0_93_105, 47.44, 263.84, 1.8
FILLER_0_92_133, 73.04, 263.84, 1.8
FILLER_0_93_161, 85.84, 263.84, 1.8
FILLER_0_92_189, 98.64, 263.84, 1.8
FILLER_0_93_217, 111.44, 263.84, 1.8
FILLER_0_92_245, 124.24, 263.84, 1.8
FILLER_0_93_273, 137.04, 263.84, 1.8
FILLER_0_92_301, 149.84, 263.84, 1.8
FILLER_0_93_329, 162.64, 263.84, 1.8
FILLER_0_93_385, 187.722, 263.84, 1.8
FILLER_0_92_413, 200.005, 263.84, 1.8
FILLER_0_93_441, 212.287, 263.84, 1.8
FILLER_0_92_469, 224.57, 263.84, 1.8
FILLER_0_93_497, 236.852, 263.84, 1.8
FILLER_0_92_525, 249.135, 263.84, 1.8
FILLER_0_93_553, 261.417, 263.84, 1.8
FILLER_0_94_569, 261.417, 263.84, 1.8
PHY_EDGE_ROW_90_Left_188, 5.52, 258.4, 1.8
PHY_EDGE_ROW_91_Left_189, 5.52, 258.4, 1.8
PHY_EDGE_ROW_90_Right_90, 273.7, 258.4, 1.8
PHY_EDGE_ROW_91_Right_91, 273.7, 258.4, 1.8
FILLER_0_90_577, 273.7, 258.4, 1.8
FILLER_0_91_573, 273.7, 258.4, 1.8
FILLER_0_91_51, 34.64, 258.4, 1.8
FILLER_0_92_77, 34.64, 258.4, 1.8
FILLER_0_91_105, 47.44, 258.4, 1.8
FILLER_0_90_133, 73.04, 258.4, 1.8
FILLER_0_91_161, 85.84, 258.4, 1.8
FILLER_0_90_189, 98.64, 258.4, 1.8
FILLER_0_91_217, 111.44, 258.4, 1.8
FILLER_0_90_245, 124.24, 258.4, 1.8
FILLER_0_91_273, 137.04, 258.4, 1.8
FILLER_0_90_301, 149.84, 258.4, 1.8
FILLER_0_91_329, 162.64, 258.4, 1.8
FILLER_0_91_385, 187.722, 258.4, 1.8
FILLER_0_90_413, 200.005, 258.4, 1.8
FILLER_0_91_441, 212.287, 258.4, 1.8
FILLER_0_90_469, 224.57, 258.4, 1.8
FILLER_0_91_497, 236.852, 258.4, 1.8
FILLER_0_90_525, 249.135, 258.4, 1.8
FILLER_0_91_553, 261.417, 258.4, 1.8
FILLER_0_92_569, 261.417, 258.4, 1.8
PHY_EDGE_ROW_88_Left_186, 5.52, 252.96, 1.8
PHY_EDGE_ROW_89_Left_187, 5.52, 252.96, 1.8
PHY_EDGE_ROW_88_Right_88, 273.7, 252.96, 1.8
PHY_EDGE_ROW_89_Right_89, 273.7, 252.96, 1.8
FILLER_0_88_577, 273.7, 252.96, 1.8
FILLER_0_89_573, 273.7, 252.96, 1.8
FILLER_0_89_51, 34.64, 252.96, 1.8
FILLER_0_90_77, 34.64, 252.96, 1.8
FILLER_0_89_105, 47.44, 252.96, 1.8
FILLER_0_88_133, 73.04, 252.96, 1.8
FILLER_0_89_161, 85.84, 252.96, 1.8
FILLER_0_88_189, 98.64, 252.96, 1.8
FILLER_0_89_217, 111.44, 252.96, 1.8
FILLER_0_88_245, 124.24, 252.96, 1.8
FILLER_0_89_273, 137.04, 252.96, 1.8
FILLER_0_88_301, 149.84, 252.96, 1.8
FILLER_0_89_329, 162.64, 252.96, 1.8
FILLER_0_89_385, 187.722, 252.96, 1.8
FILLER_0_88_413, 200.005, 252.96, 1.8
FILLER_0_89_441, 212.287, 252.96, 1.8
FILLER_0_88_469, 224.57, 252.96, 1.8
FILLER_0_89_497, 236.852, 252.96, 1.8
FILLER_0_88_525, 249.135, 252.96, 1.8
FILLER_0_89_553, 261.417, 252.96, 1.8
FILLER_0_90_569, 261.417, 252.96, 1.8
PHY_EDGE_ROW_86_Left_184, 5.52, 247.52, 1.8
PHY_EDGE_ROW_87_Left_185, 5.52, 247.52, 1.8
PHY_EDGE_ROW_86_Right_86, 273.7, 247.52, 1.8
PHY_EDGE_ROW_87_Right_87, 273.7, 247.52, 1.8
FILLER_0_86_577, 273.7, 247.52, 1.8
FILLER_0_87_573, 273.7, 247.52, 1.8
FILLER_0_87_51, 34.64, 247.52, 1.8
FILLER_0_88_77, 34.64, 247.52, 1.8
FILLER_0_87_105, 47.44, 247.52, 1.8
FILLER_0_86_133, 73.04, 247.52, 1.8
FILLER_0_87_161, 85.84, 247.52, 1.8
FILLER_0_86_189, 98.64, 247.52, 1.8
FILLER_0_87_217, 111.44, 247.52, 1.8
FILLER_0_86_245, 124.24, 247.52, 1.8
FILLER_0_87_273, 137.04, 247.52, 1.8
FILLER_0_86_301, 149.84, 247.52, 1.8
FILLER_0_87_329, 162.64, 247.52, 1.8
FILLER_0_87_385, 187.722, 247.52, 1.8
FILLER_0_86_413, 200.005, 247.52, 1.8
FILLER_0_87_441, 212.287, 247.52, 1.8
FILLER_0_86_469, 224.57, 247.52, 1.8
FILLER_0_87_497, 236.852, 247.52, 1.8
FILLER_0_86_525, 249.135, 247.52, 1.8
FILLER_0_87_553, 261.417, 247.52, 1.8
FILLER_0_88_569, 261.417, 247.52, 1.8
PHY_EDGE_ROW_84_Left_182, 5.52, 242.08, 1.8
PHY_EDGE_ROW_85_Left_183, 5.52, 242.08, 1.8
PHY_EDGE_ROW_84_Right_84, 273.7, 242.08, 1.8
PHY_EDGE_ROW_85_Right_85, 273.7, 242.08, 1.8
FILLER_0_84_577, 273.7, 242.08, 1.8
FILLER_0_85_573, 273.7, 242.08, 1.8
FILLER_0_85_51, 34.64, 242.08, 1.8
FILLER_0_86_77, 34.64, 242.08, 1.8
FILLER_0_85_105, 47.44, 242.08, 1.8
FILLER_0_84_133, 73.04, 242.08, 1.8
FILLER_0_85_161, 85.84, 242.08, 1.8
FILLER_0_84_189, 98.64, 242.08, 1.8
FILLER_0_85_217, 111.44, 242.08, 1.8
FILLER_0_84_245, 124.24, 242.08, 1.8
FILLER_0_85_273, 137.04, 242.08, 1.8
FILLER_0_84_301, 149.84, 242.08, 1.8
FILLER_0_85_329, 162.64, 242.08, 1.8
FILLER_0_85_385, 187.722, 242.08, 1.8
FILLER_0_84_413, 200.005, 242.08, 1.8
FILLER_0_85_441, 212.287, 242.08, 1.8
FILLER_0_84_469, 224.57, 242.08, 1.8
FILLER_0_85_497, 236.852, 242.08, 1.8
FILLER_0_84_525, 249.135, 242.08, 1.8
FILLER_0_85_553, 261.417, 242.08, 1.8
FILLER_0_86_569, 261.417, 242.08, 1.8
PHY_EDGE_ROW_82_Left_180, 5.52, 236.64, 1.8
PHY_EDGE_ROW_83_Left_181, 5.52, 236.64, 1.8
PHY_EDGE_ROW_82_Right_82, 273.7, 236.64, 1.8
PHY_EDGE_ROW_83_Right_83, 273.7, 236.64, 1.8
FILLER_0_82_577, 273.7, 236.64, 1.8
FILLER_0_83_573, 273.7, 236.64, 1.8
FILLER_0_83_51, 34.64, 236.64, 1.8
FILLER_0_84_77, 34.64, 236.64, 1.8
FILLER_0_83_105, 47.44, 236.64, 1.8
FILLER_0_82_133, 73.04, 236.64, 1.8
FILLER_0_83_161, 85.84, 236.64, 1.8
FILLER_0_82_189, 98.64, 236.64, 1.8
FILLER_0_83_217, 111.44, 236.64, 1.8
FILLER_0_82_245, 124.24, 236.64, 1.8
FILLER_0_83_273, 137.04, 236.64, 1.8
FILLER_0_82_301, 149.84, 236.64, 1.8
FILLER_0_83_329, 162.64, 236.64, 1.8
FILLER_0_83_385, 187.722, 236.64, 1.8
FILLER_0_82_413, 200.005, 236.64, 1.8
FILLER_0_83_441, 212.287, 236.64, 1.8
FILLER_0_82_469, 224.57, 236.64, 1.8
FILLER_0_83_497, 236.852, 236.64, 1.8
FILLER_0_82_525, 249.135, 236.64, 1.8
FILLER_0_83_553, 261.417, 236.64, 1.8
FILLER_0_84_569, 261.417, 236.64, 1.8
PHY_EDGE_ROW_80_Left_178, 5.52, 231.2, 1.8
PHY_EDGE_ROW_81_Left_179, 5.52, 231.2, 1.8
PHY_EDGE_ROW_80_Right_80, 273.7, 231.2, 1.8
PHY_EDGE_ROW_81_Right_81, 273.7, 231.2, 1.8
FILLER_0_80_577, 273.7, 231.2, 1.8
FILLER_0_81_573, 273.7, 231.2, 1.8
FILLER_0_81_51, 34.64, 231.2, 1.8
FILLER_0_82_77, 34.64, 231.2, 1.8
FILLER_0_81_105, 47.44, 231.2, 1.8
FILLER_0_80_133, 73.04, 231.2, 1.8
FILLER_0_81_161, 85.84, 231.2, 1.8
FILLER_0_80_189, 98.64, 231.2, 1.8
FILLER_0_81_217, 111.44, 231.2, 1.8
FILLER_0_80_245, 124.24, 231.2, 1.8
FILLER_0_81_273, 137.04, 231.2, 1.8
FILLER_0_80_301, 149.84, 231.2, 1.8
FILLER_0_81_329, 162.64, 231.2, 1.8
FILLER_0_81_385, 187.722, 231.2, 1.8
FILLER_0_80_413, 200.005, 231.2, 1.8
FILLER_0_81_441, 212.287, 231.2, 1.8
FILLER_0_80_469, 224.57, 231.2, 1.8
FILLER_0_81_497, 236.852, 231.2, 1.8
FILLER_0_80_525, 249.135, 231.2, 1.8
FILLER_0_81_553, 261.417, 231.2, 1.8
FILLER_0_82_569, 261.417, 231.2, 1.8
PHY_EDGE_ROW_78_Left_176, 5.52, 225.76, 1.8
PHY_EDGE_ROW_79_Left_177, 5.52, 225.76, 1.8
PHY_EDGE_ROW_78_Right_78, 273.7, 225.76, 1.8
PHY_EDGE_ROW_79_Right_79, 273.7, 225.76, 1.8
FILLER_0_78_577, 273.7, 225.76, 1.8
FILLER_0_79_573, 273.7, 225.76, 1.8
FILLER_0_79_51, 34.64, 225.76, 1.8
FILLER_0_80_77, 34.64, 225.76, 1.8
FILLER_0_79_105, 47.44, 225.76, 1.8
FILLER_0_78_133, 73.04, 225.76, 1.8
FILLER_0_79_161, 85.84, 225.76, 1.8
FILLER_0_78_189, 98.64, 225.76, 1.8
FILLER_0_79_217, 111.44, 225.76, 1.8
FILLER_0_78_245, 124.24, 225.76, 1.8
FILLER_0_79_273, 137.04, 225.76, 1.8
FILLER_0_78_301, 149.84, 225.76, 1.8
FILLER_0_79_329, 162.64, 225.76, 1.8
FILLER_0_79_385, 187.722, 225.76, 1.8
FILLER_0_78_413, 200.005, 225.76, 1.8
FILLER_0_79_441, 212.287, 225.76, 1.8
FILLER_0_78_469, 224.57, 225.76, 1.8
FILLER_0_79_497, 236.852, 225.76, 1.8
FILLER_0_78_525, 249.135, 225.76, 1.8
FILLER_0_79_553, 261.417, 225.76, 1.8
FILLER_0_80_569, 261.417, 225.76, 1.8
PHY_EDGE_ROW_76_Left_174, 5.52, 220.32, 1.8
PHY_EDGE_ROW_77_Left_175, 5.52, 220.32, 1.8
PHY_EDGE_ROW_76_Right_76, 273.7, 220.32, 1.8
PHY_EDGE_ROW_77_Right_77, 273.7, 220.32, 1.8
FILLER_0_76_577, 273.7, 220.32, 1.8
FILLER_0_77_573, 273.7, 220.32, 1.8
FILLER_0_77_51, 34.64, 220.32, 1.8
FILLER_0_78_77, 34.64, 220.32, 1.8
FILLER_0_77_105, 47.44, 220.32, 1.8
FILLER_0_76_133, 73.04, 220.32, 1.8
FILLER_0_77_161, 85.84, 220.32, 1.8
FILLER_0_76_189, 98.64, 220.32, 1.8
FILLER_0_77_217, 111.44, 220.32, 1.8
FILLER_0_76_245, 124.24, 220.32, 1.8
FILLER_0_77_273, 137.04, 220.32, 1.8
FILLER_0_76_301, 149.84, 220.32, 1.8
FILLER_0_77_329, 162.64, 220.32, 1.8
FILLER_0_77_385, 187.722, 220.32, 1.8
FILLER_0_76_413, 200.005, 220.32, 1.8
FILLER_0_77_441, 212.287, 220.32, 1.8
FILLER_0_76_469, 224.57, 220.32, 1.8
FILLER_0_77_497, 236.852, 220.32, 1.8
FILLER_0_76_525, 249.135, 220.32, 1.8
FILLER_0_77_553, 261.417, 220.32, 1.8
FILLER_0_78_569, 261.417, 220.32, 1.8
PHY_EDGE_ROW_74_Left_172, 5.52, 214.88, 1.8
PHY_EDGE_ROW_75_Left_173, 5.52, 214.88, 1.8
PHY_EDGE_ROW_74_Right_74, 273.7, 214.88, 1.8
PHY_EDGE_ROW_75_Right_75, 273.7, 214.88, 1.8
FILLER_0_74_577, 273.7, 214.88, 1.8
FILLER_0_75_573, 273.7, 214.88, 1.8
FILLER_0_75_51, 34.64, 214.88, 1.8
FILLER_0_76_77, 34.64, 214.88, 1.8
FILLER_0_75_105, 47.44, 214.88, 1.8
FILLER_0_74_133, 73.04, 214.88, 1.8
FILLER_0_75_161, 85.84, 214.88, 1.8
FILLER_0_74_189, 98.64, 214.88, 1.8
FILLER_0_75_217, 111.44, 214.88, 1.8
FILLER_0_74_245, 124.24, 214.88, 1.8
FILLER_0_75_273, 137.04, 214.88, 1.8
FILLER_0_74_301, 149.84, 214.88, 1.8
FILLER_0_75_329, 162.64, 214.88, 1.8
FILLER_0_75_385, 187.722, 214.88, 1.8
FILLER_0_74_413, 200.005, 214.88, 1.8
FILLER_0_75_441, 212.287, 214.88, 1.8
FILLER_0_74_469, 224.57, 214.88, 1.8
FILLER_0_75_497, 236.852, 214.88, 1.8
FILLER_0_74_525, 249.135, 214.88, 1.8
FILLER_0_75_553, 261.417, 214.88, 1.8
FILLER_0_76_569, 261.417, 214.88, 1.8
PHY_EDGE_ROW_72_Left_170, 5.52, 209.44, 1.8
PHY_EDGE_ROW_73_Left_171, 5.52, 209.44, 1.8
PHY_EDGE_ROW_72_Right_72, 273.7, 209.44, 1.8
PHY_EDGE_ROW_73_Right_73, 273.7, 209.44, 1.8
FILLER_0_72_577, 273.7, 209.44, 1.8
FILLER_0_73_573, 273.7, 209.44, 1.8
FILLER_0_73_51, 34.64, 209.44, 1.8
FILLER_0_74_77, 34.64, 209.44, 1.8
FILLER_0_73_105, 47.44, 209.44, 1.8
FILLER_0_72_133, 73.04, 209.44, 1.8
FILLER_0_73_161, 85.84, 209.44, 1.8
FILLER_0_72_189, 98.64, 209.44, 1.8
FILLER_0_73_217, 111.44, 209.44, 1.8
FILLER_0_72_245, 124.24, 209.44, 1.8
FILLER_0_73_273, 137.04, 209.44, 1.8
FILLER_0_72_301, 149.84, 209.44, 1.8
FILLER_0_73_329, 162.64, 209.44, 1.8
FILLER_0_73_385, 187.722, 209.44, 1.8
FILLER_0_72_413, 200.005, 209.44, 1.8
FILLER_0_73_441, 212.287, 209.44, 1.8
FILLER_0_72_469, 224.57, 209.44, 1.8
FILLER_0_73_497, 236.852, 209.44, 1.8
FILLER_0_72_525, 249.135, 209.44, 1.8
FILLER_0_73_553, 261.417, 209.44, 1.8
FILLER_0_74_569, 261.417, 209.44, 1.8
PHY_EDGE_ROW_70_Left_168, 5.52, 204, 1.8
PHY_EDGE_ROW_71_Left_169, 5.52, 204, 1.8
PHY_EDGE_ROW_70_Right_70, 273.7, 204, 1.8
PHY_EDGE_ROW_71_Right_71, 273.7, 204, 1.8
FILLER_0_70_577, 273.7, 204, 1.8
FILLER_0_71_573, 273.7, 204, 1.8
FILLER_0_71_51, 34.64, 204, 1.8
FILLER_0_72_77, 34.64, 204, 1.8
FILLER_0_71_105, 47.44, 204, 1.8
FILLER_0_70_133, 73.04, 204, 1.8
FILLER_0_71_161, 85.84, 204, 1.8
FILLER_0_70_189, 98.64, 204, 1.8
FILLER_0_71_217, 111.44, 204, 1.8
FILLER_0_70_245, 124.24, 204, 1.8
FILLER_0_71_273, 137.04, 204, 1.8
FILLER_0_70_301, 149.84, 204, 1.8
FILLER_0_71_329, 162.64, 204, 1.8
FILLER_0_71_385, 187.722, 204, 1.8
FILLER_0_70_413, 200.005, 204, 1.8
FILLER_0_71_441, 212.287, 204, 1.8
FILLER_0_70_469, 224.57, 204, 1.8
FILLER_0_71_497, 236.852, 204, 1.8
FILLER_0_70_525, 249.135, 204, 1.8
FILLER_0_71_553, 261.417, 204, 1.8
FILLER_0_72_569, 261.417, 204, 1.8
PHY_EDGE_ROW_68_Left_166, 5.52, 198.56, 1.8
PHY_EDGE_ROW_69_Left_167, 5.52, 198.56, 1.8
PHY_EDGE_ROW_68_Right_68, 273.7, 198.56, 1.8
PHY_EDGE_ROW_69_Right_69, 273.7, 198.56, 1.8
FILLER_0_68_577, 273.7, 198.56, 1.8
FILLER_0_69_573, 273.7, 198.56, 1.8
FILLER_0_69_51, 34.64, 198.56, 1.8
FILLER_0_70_77, 34.64, 198.56, 1.8
FILLER_0_69_105, 47.44, 198.56, 1.8
FILLER_0_68_133, 73.04, 198.56, 1.8
FILLER_0_69_161, 85.84, 198.56, 1.8
FILLER_0_68_189, 98.64, 198.56, 1.8
FILLER_0_69_217, 111.44, 198.56, 1.8
FILLER_0_68_245, 124.24, 198.56, 1.8
FILLER_0_69_273, 137.04, 198.56, 1.8
FILLER_0_68_301, 149.84, 198.56, 1.8
FILLER_0_69_329, 162.64, 198.56, 1.8
FILLER_0_69_385, 187.722, 198.56, 1.8
FILLER_0_68_413, 200.005, 198.56, 1.8
FILLER_0_69_441, 212.287, 198.56, 1.8
FILLER_0_68_469, 224.57, 198.56, 1.8
FILLER_0_69_497, 236.852, 198.56, 1.8
FILLER_0_68_525, 249.135, 198.56, 1.8
FILLER_0_69_553, 261.417, 198.56, 1.8
FILLER_0_70_569, 261.417, 198.56, 1.8
PHY_EDGE_ROW_66_Left_164, 5.52, 193.12, 1.8
PHY_EDGE_ROW_67_Left_165, 5.52, 193.12, 1.8
PHY_EDGE_ROW_66_Right_66, 273.7, 193.12, 1.8
PHY_EDGE_ROW_67_Right_67, 273.7, 193.12, 1.8
FILLER_0_66_577, 273.7, 193.12, 1.8
FILLER_0_67_573, 273.7, 193.12, 1.8
FILLER_0_67_51, 34.64, 193.12, 1.8
FILLER_0_68_77, 34.64, 193.12, 1.8
FILLER_0_67_105, 47.44, 193.12, 1.8
FILLER_0_66_133, 73.04, 193.12, 1.8
FILLER_0_67_161, 85.84, 193.12, 1.8
FILLER_0_66_189, 98.64, 193.12, 1.8
FILLER_0_67_217, 111.44, 193.12, 1.8
FILLER_0_66_245, 124.24, 193.12, 1.8
FILLER_0_67_273, 137.04, 193.12, 1.8
FILLER_0_66_301, 149.84, 193.12, 1.8
FILLER_0_67_329, 162.64, 193.12, 1.8
FILLER_0_67_385, 187.722, 193.12, 1.8
FILLER_0_66_413, 200.005, 193.12, 1.8
FILLER_0_67_441, 212.287, 193.12, 1.8
FILLER_0_66_469, 224.57, 193.12, 1.8
FILLER_0_67_497, 236.852, 193.12, 1.8
FILLER_0_66_525, 249.135, 193.12, 1.8
FILLER_0_67_553, 261.417, 193.12, 1.8
FILLER_0_68_569, 261.417, 193.12, 1.8
PHY_EDGE_ROW_64_Left_162, 5.52, 187.68, 1.8
PHY_EDGE_ROW_65_Left_163, 5.52, 187.68, 1.8
PHY_EDGE_ROW_64_Right_64, 273.7, 187.68, 1.8
PHY_EDGE_ROW_65_Right_65, 273.7, 187.68, 1.8
FILLER_0_64_577, 273.7, 187.68, 1.8
FILLER_0_65_573, 273.7, 187.68, 1.8
FILLER_0_65_51, 34.64, 187.68, 1.8
FILLER_0_66_77, 34.64, 187.68, 1.8
FILLER_0_65_105, 47.44, 187.68, 1.8
FILLER_0_64_133, 73.04, 187.68, 1.8
FILLER_0_65_161, 85.84, 187.68, 1.8
FILLER_0_64_189, 98.64, 187.68, 1.8
FILLER_0_65_217, 111.44, 187.68, 1.8
FILLER_0_64_245, 124.24, 187.68, 1.8
FILLER_0_65_273, 137.04, 187.68, 1.8
FILLER_0_64_301, 149.84, 187.68, 1.8
FILLER_0_65_329, 162.64, 187.68, 1.8
FILLER_0_65_385, 187.722, 187.68, 1.8
FILLER_0_64_413, 200.005, 187.68, 1.8
FILLER_0_65_441, 212.287, 187.68, 1.8
FILLER_0_64_469, 224.57, 187.68, 1.8
FILLER_0_65_497, 236.852, 187.68, 1.8
FILLER_0_64_525, 249.135, 187.68, 1.8
FILLER_0_65_553, 261.417, 187.68, 1.8
FILLER_0_66_569, 261.417, 187.68, 1.8
PHY_EDGE_ROW_62_Left_160, 5.52, 182.24, 1.8
PHY_EDGE_ROW_63_Left_161, 5.52, 182.24, 1.8
PHY_EDGE_ROW_62_Right_62, 273.7, 182.24, 1.8
PHY_EDGE_ROW_63_Right_63, 273.7, 182.24, 1.8
FILLER_0_62_577, 273.7, 182.24, 1.8
FILLER_0_63_573, 273.7, 182.24, 1.8
FILLER_0_63_51, 34.64, 182.24, 1.8
FILLER_0_64_77, 34.64, 182.24, 1.8
FILLER_0_63_105, 47.44, 182.24, 1.8
FILLER_0_62_133, 73.04, 182.24, 1.8
FILLER_0_63_161, 85.84, 182.24, 1.8
FILLER_0_62_189, 98.64, 182.24, 1.8
FILLER_0_63_217, 111.44, 182.24, 1.8
FILLER_0_62_245, 124.24, 182.24, 1.8
FILLER_0_63_273, 137.04, 182.24, 1.8
FILLER_0_62_301, 149.84, 182.24, 1.8
FILLER_0_63_329, 162.64, 182.24, 1.8
FILLER_0_63_385, 187.722, 182.24, 1.8
FILLER_0_62_413, 200.005, 182.24, 1.8
FILLER_0_63_441, 212.287, 182.24, 1.8
FILLER_0_62_469, 224.57, 182.24, 1.8
FILLER_0_63_497, 236.852, 182.24, 1.8
FILLER_0_62_525, 249.135, 182.24, 1.8
FILLER_0_63_553, 261.417, 182.24, 1.8
FILLER_0_64_569, 261.417, 182.24, 1.8
PHY_EDGE_ROW_60_Left_158, 5.52, 176.8, 1.8
PHY_EDGE_ROW_61_Left_159, 5.52, 176.8, 1.8
PHY_EDGE_ROW_60_Right_60, 273.7, 176.8, 1.8
PHY_EDGE_ROW_61_Right_61, 273.7, 176.8, 1.8
FILLER_0_60_577, 273.7, 176.8, 1.8
FILLER_0_61_573, 273.7, 176.8, 1.8
FILLER_0_61_51, 34.64, 176.8, 1.8
FILLER_0_62_77, 34.64, 176.8, 1.8
FILLER_0_61_105, 47.44, 176.8, 1.8
FILLER_0_60_133, 73.04, 176.8, 1.8
FILLER_0_61_161, 85.84, 176.8, 1.8
FILLER_0_60_189, 98.64, 176.8, 1.8
FILLER_0_61_217, 111.44, 176.8, 1.8
FILLER_0_60_245, 124.24, 176.8, 1.8
FILLER_0_61_273, 137.04, 176.8, 1.8
FILLER_0_60_301, 149.84, 176.8, 1.8
FILLER_0_61_329, 162.64, 176.8, 1.8
FILLER_0_61_385, 187.722, 176.8, 1.8
FILLER_0_60_413, 200.005, 176.8, 1.8
FILLER_0_61_441, 212.287, 176.8, 1.8
FILLER_0_60_469, 224.57, 176.8, 1.8
FILLER_0_61_497, 236.852, 176.8, 1.8
FILLER_0_60_525, 249.135, 176.8, 1.8
FILLER_0_61_553, 261.417, 176.8, 1.8
FILLER_0_62_569, 261.417, 176.8, 1.8
PHY_EDGE_ROW_58_Left_156, 5.52, 171.36, 1.8
PHY_EDGE_ROW_59_Left_157, 5.52, 171.36, 1.8
PHY_EDGE_ROW_58_Right_58, 273.7, 171.36, 1.8
PHY_EDGE_ROW_59_Right_59, 273.7, 171.36, 1.8
FILLER_0_58_577, 273.7, 171.36, 1.8
FILLER_0_59_573, 273.7, 171.36, 1.8
FILLER_0_59_51, 34.64, 171.36, 1.8
FILLER_0_60_77, 34.64, 171.36, 1.8
FILLER_0_59_105, 47.44, 171.36, 1.8
FILLER_0_58_133, 73.04, 171.36, 1.8
FILLER_0_59_161, 85.84, 171.36, 1.8
FILLER_0_58_189, 98.64, 171.36, 1.8
FILLER_0_59_217, 111.44, 171.36, 1.8
FILLER_0_58_245, 124.24, 171.36, 1.8
FILLER_0_59_273, 137.04, 171.36, 1.8
FILLER_0_58_301, 149.84, 171.36, 1.8
FILLER_0_59_329, 162.64, 171.36, 1.8
FILLER_0_59_385, 187.722, 171.36, 1.8
FILLER_0_58_413, 200.005, 171.36, 1.8
FILLER_0_59_441, 212.287, 171.36, 1.8
FILLER_0_58_469, 224.57, 171.36, 1.8
FILLER_0_59_497, 236.852, 171.36, 1.8
FILLER_0_58_525, 249.135, 171.36, 1.8
FILLER_0_59_553, 261.417, 171.36, 1.8
FILLER_0_60_569, 261.417, 171.36, 1.8
PHY_EDGE_ROW_56_Left_154, 5.52, 165.92, 1.8
PHY_EDGE_ROW_57_Left_155, 5.52, 165.92, 1.8
PHY_EDGE_ROW_56_Right_56, 273.7, 165.92, 1.8
PHY_EDGE_ROW_57_Right_57, 273.7, 165.92, 1.8
FILLER_0_56_577, 273.7, 165.92, 1.8
FILLER_0_57_573, 273.7, 165.92, 1.8
FILLER_0_57_51, 34.64, 165.92, 1.8
FILLER_0_58_77, 34.64, 165.92, 1.8
FILLER_0_57_105, 47.44, 165.92, 1.8
FILLER_0_56_133, 73.04, 165.92, 1.8
FILLER_0_57_161, 85.84, 165.92, 1.8
FILLER_0_56_189, 98.64, 165.92, 1.8
FILLER_0_57_217, 111.44, 165.92, 1.8
FILLER_0_56_245, 124.24, 165.92, 1.8
FILLER_0_57_273, 137.04, 165.92, 1.8
FILLER_0_56_301, 149.84, 165.92, 1.8
FILLER_0_57_329, 162.64, 165.92, 1.8
FILLER_0_57_385, 187.722, 165.92, 1.8
FILLER_0_56_413, 200.005, 165.92, 1.8
FILLER_0_57_441, 212.287, 165.92, 1.8
FILLER_0_56_469, 224.57, 165.92, 1.8
FILLER_0_57_497, 236.852, 165.92, 1.8
FILLER_0_56_525, 249.135, 165.92, 1.8
FILLER_0_57_553, 261.417, 165.92, 1.8
FILLER_0_58_569, 261.417, 165.92, 1.8
PHY_EDGE_ROW_54_Left_152, 5.52, 160.48, 1.8
PHY_EDGE_ROW_55_Left_153, 5.52, 160.48, 1.8
PHY_EDGE_ROW_54_Right_54, 273.7, 160.48, 1.8
PHY_EDGE_ROW_55_Right_55, 273.7, 160.48, 1.8
FILLER_0_54_577, 273.7, 160.48, 1.8
FILLER_0_55_573, 273.7, 160.48, 1.8
FILLER_0_55_51, 34.64, 160.48, 1.8
FILLER_0_56_77, 34.64, 160.48, 1.8
FILLER_0_55_105, 47.44, 160.48, 1.8
FILLER_0_54_133, 73.04, 160.48, 1.8
FILLER_0_55_161, 85.84, 160.48, 1.8
FILLER_0_54_189, 98.64, 160.48, 1.8
FILLER_0_55_217, 111.44, 160.48, 1.8
FILLER_0_54_245, 124.24, 160.48, 1.8
FILLER_0_55_273, 137.04, 160.48, 1.8
FILLER_0_54_301, 149.84, 160.48, 1.8
FILLER_0_55_329, 162.64, 160.48, 1.8
FILLER_0_55_385, 187.722, 160.48, 1.8
FILLER_0_54_413, 200.005, 160.48, 1.8
FILLER_0_55_441, 212.287, 160.48, 1.8
FILLER_0_54_469, 224.57, 160.48, 1.8
FILLER_0_55_497, 236.852, 160.48, 1.8
FILLER_0_54_525, 249.135, 160.48, 1.8
FILLER_0_55_553, 261.417, 160.48, 1.8
FILLER_0_56_569, 261.417, 160.48, 1.8
PHY_EDGE_ROW_52_Left_150, 5.52, 155.04, 1.8
PHY_EDGE_ROW_53_Left_151, 5.52, 155.04, 1.8
PHY_EDGE_ROW_52_Right_52, 273.7, 155.04, 1.79999
PHY_EDGE_ROW_53_Right_53, 273.7, 155.04, 1.79999
FILLER_0_52_577, 273.7, 155.04, 1.79999
FILLER_0_53_573, 273.7, 155.04, 1.79999
FILLER_0_53_51, 34.64, 155.04, 1.8
FILLER_0_54_77, 34.64, 155.04, 1.8
FILLER_0_53_105, 47.44, 155.04, 1.8
FILLER_0_52_133, 73.04, 155.04, 1.8
FILLER_0_53_161, 85.84, 155.04, 1.8
FILLER_0_52_189, 98.64, 155.04, 1.8
FILLER_0_53_217, 111.44, 155.04, 1.8
FILLER_0_52_245, 124.24, 155.04, 1.8
FILLER_0_53_273, 137.04, 155.04, 1.8
FILLER_0_52_301, 149.84, 155.04, 1.8
FILLER_0_53_329, 162.64, 155.04, 1.8
FILLER_0_53_385, 187.722, 155.04, 1.79999
FILLER_0_52_413, 200.005, 155.04, 1.79999
FILLER_0_53_441, 212.287, 155.04, 1.79999
FILLER_0_52_469, 224.57, 155.04, 1.79999
FILLER_0_53_497, 236.852, 155.04, 1.79999
FILLER_0_52_525, 249.135, 155.04, 1.79999
FILLER_0_53_553, 261.417, 155.04, 1.79999
FILLER_0_54_569, 261.417, 155.04, 1.79999
PHY_EDGE_ROW_50_Left_148, 5.52, 149.6, 1.79998
PHY_EDGE_ROW_51_Left_149, 5.52, 149.6, 1.79998
PHY_EDGE_ROW_50_Right_50, 273.7, 149.6, 1.79996
PHY_EDGE_ROW_51_Right_51, 273.7, 149.6, 1.79996
FILLER_0_50_577, 273.7, 149.6, 1.79996
FILLER_0_51_573, 273.7, 149.6, 1.79996
_276_, 34.64, 149.6, 1.79996
_711_, 34.64, 149.6, 1.79996
fanout288, 34.64, 149.6, 1.79996
FILLER_0_51_51, 34.64, 149.6, 1.79996
FILLER_0_52_77, 34.64, 149.6, 1.79996
_275_, 47.44, 149.6, 1.79995
FILLER_0_50_88, 47.44, 149.6, 1.79995
FILLER_0_51_103, 47.44, 149.6, 1.79995
_277_, 60.24, 149.6, 1.79995
_706_, 73.04, 149.6, 1.79994
FILLER_0_50_141, 73.04, 149.6, 1.79994
FILLER_0_51_161, 85.84, 149.6, 1.79994
FILLER_0_50_189, 98.64, 149.6, 1.79994
FILLER_0_51_217, 111.44, 149.6, 1.79994
_573_, 124.24, 149.6, 1.79994
_589_, 137.04, 149.6, 1.79994
hold190, 137.04, 149.6, 1.79994
FILLER_0_50_273, 137.04, 149.6, 1.79994
FILLER_0_51_273, 137.04, 149.6, 1.79994
hold213, 149.84, 149.6, 1.79995
FILLER_0_51_325, 149.84, 149.6, 1.79995
FILLER_0_51_333, 162.64, 149.6, 1.79997
FILLER_0_50_389, 187.722, 149.6, 1.79997
FILLER_0_51_385, 187.722, 149.6, 1.79997
_282_, 200.005, 149.6, 1.79996
_717_, 200.005, 149.6, 1.79996
FILLER_0_51_429, 200.005, 149.6, 1.79996
FILLER_0_50_469, 224.57, 149.6, 1.79996
FILLER_0_51_497, 236.852, 149.6, 1.79996
FILLER_0_50_525, 249.135, 149.6, 1.79996
FILLER_0_51_553, 261.417, 149.6, 1.79996
FILLER_0_52_569, 261.417, 149.6, 1.79996
PHY_EDGE_ROW_48_Left_146, 5.52, 144.16, 1.79998
PHY_EDGE_ROW_49_Left_147, 5.52, 144.16, 1.79998
input17, 5.52, 144.16, 1.79998
PHY_EDGE_ROW_48_Right_48, 273.7, 144.16, 1.79996
PHY_EDGE_ROW_49_Right_49, 273.7, 144.16, 1.79996
FILLER_0_48_577, 273.7, 144.16, 1.79996
FILLER_0_49_573, 273.7, 144.16, 1.79996
_273_, 34.64, 144.16, 1.79996
_710_, 34.64, 144.16, 1.79996
fanout267, 34.64, 144.16, 1.79996
fanout269, 34.64, 144.16, 1.79996
FILLER_0_49_50, 34.64, 144.16, 1.79996
FILLER_0_49_67, 34.64, 144.16, 1.79996
FILLER_0_50_74, 34.64, 144.16, 1.79996
_712_, 47.44, 144.16, 1.79995
FILLER_0_49_105, 47.44, 144.16, 1.79995
FILLER_0_50_131, 60.24, 144.16, 1.79995
_271_, 73.04, 144.16, 1.79995
FILLER_0_48_133, 73.04, 144.16, 1.79995
FILLER_0_49_149, 73.04, 144.16, 1.79995
FILLER_0_49_157, 73.04, 144.16, 1.79995
fanout273, 85.84, 144.16, 1.79994
hold220, 85.84, 144.16, 1.79994
FILLER_0_49_165, 85.84, 144.16, 1.79994
_346_, 98.64, 144.16, 1.79994
hold188, 98.64, 144.16, 1.79994
FILLER_0_49_213, 98.64, 144.16, 1.79994
_362_, 111.44, 144.16, 1.79994
hold184, 111.44, 144.16, 1.79994
FILLER_0_49_221, 111.44, 144.16, 1.79994
FILLER_0_50_233, 111.44, 144.16, 1.79994
FILLER_0_50_241, 111.44, 144.16, 1.79994
fanout272, 124.24, 144.16, 1.79994
hold182, 124.24, 144.16, 1.79994
FILLER_0_48_253, 124.24, 144.16, 1.79994
FILLER_0_49_252, 124.24, 144.16, 1.79994
FILLER_0_49_271, 124.24, 144.16, 1.79994
_394_, 137.04, 144.16, 1.79994
FILLER_0_49_281, 137.04, 144.16, 1.79994
FILLER_0_50_298, 137.04, 144.16, 1.79994
_605_, 149.84, 144.16, 1.79995
fanout285, 149.84, 144.16, 1.79995
FILLER_0_48_300, 149.84, 144.16, 1.79995
FILLER_0_49_304, 149.84, 144.16, 1.79995
_410_, 162.64, 144.16, 1.79996
_621_, 162.64, 144.16, 1.79996
hold200, 162.64, 144.16, 1.79996
FILLER_0_50_353, 162.64, 144.16, 1.79996
_713_, 187.722, 144.16, 1.79996
FILLER_0_49_383, 187.722, 144.16, 1.79996
FILLER_0_49_405, 187.722, 144.16, 1.79996
_278_, 200.005, 144.16, 1.79996
fanout287, 200.005, 144.16, 1.79996
FILLER_0_48_417, 200.005, 144.16, 1.79996
FILLER_0_49_427, 200.005, 144.16, 1.79996
FILLER_0_49_439, 212.287, 144.16, 1.79996
FILLER_0_48_469, 224.57, 144.16, 1.79996
FILLER_0_49_497, 236.852, 144.16, 1.79996
FILLER_0_48_525, 249.135, 144.16, 1.79996
FILLER_0_49_553, 261.417, 144.16, 1.79996
FILLER_0_50_569, 261.417, 144.16, 1.79996
PHY_EDGE_ROW_46_Left_144, 5.52, 138.72, 1.79995
PHY_EDGE_ROW_47_Left_145, 5.52, 138.72, 1.79995
PHY_EDGE_ROW_46_Right_46, 273.7, 138.72, 1.7999
PHY_EDGE_ROW_47_Right_47, 273.7, 138.72, 1.7999
FILLER_0_46_577, 273.7, 138.72, 1.7999
FILLER_0_47_573, 273.7, 138.72, 1.7999
FILLER_0_47_51, 34.64, 138.72, 1.7999
FILLER_0_48_77, 34.64, 138.72, 1.7999
clkbuf_leaf_4_clk, 47.44, 138.72, 1.79984
FILLER_0_47_105, 47.44, 138.72, 1.79984
_298_, 60.24, 138.72, 1.79982
_509_, 60.24, 138.72, 1.79982
fanout268, 60.24, 138.72, 1.79982
FILLER_0_46_118, 60.24, 138.72, 1.79982
FILLER_0_47_117, 60.24, 138.72, 1.79982
_314_, 73.04, 138.72, 1.7998
_525_, 73.04, 138.72, 1.7998
hold203, 73.04, 138.72, 1.7998
FILLER_0_46_137, 73.04, 138.72, 1.7998
FILLER_0_46_141, 73.04, 138.72, 1.7998
FILLER_0_47_144, 73.04, 138.72, 1.7998
FILLER_0_48_153, 73.04, 138.72, 1.7998
_541_, 85.84, 138.72, 1.7998
fanout271, 85.84, 138.72, 1.7998
FILLER_0_46_174, 85.84, 138.72, 1.7998
_557_, 98.64, 138.72, 1.7998
FILLER_0_46_193, 98.64, 138.72, 1.7998
_565_, 111.44, 138.72, 1.7998
hold174, 111.44, 138.72, 1.7998
FILLER_0_48_244, 111.44, 138.72, 1.7998
_378_, 124.24, 138.72, 1.79982
_581_, 124.24, 138.72, 1.79982
hold164, 124.24, 138.72, 1.79982
FILLER_0_47_249, 124.24, 138.72, 1.79982
_386_, 137.04, 138.72, 1.79984
_597_, 137.04, 138.72, 1.79984
hold209, 137.04, 138.72, 1.79984
FILLER_0_47_284, 137.04, 138.72, 1.79984
_402_, 149.84, 138.72, 1.79986
fanout283, 149.84, 138.72, 1.79986
hold195, 149.84, 138.72, 1.79986
FILLER_0_46_301, 149.84, 138.72, 1.79986
_418_, 162.64, 138.72, 1.79989
_613_, 162.64, 138.72, 1.79989
FILLER_0_46_333, 162.64, 138.72, 1.79989
_442_, 187.722, 138.72, 1.79992
fanout284, 187.722, 138.72, 1.79992
hold197, 187.722, 138.72, 1.79992
hold199, 187.722, 138.72, 1.79992
FILLER_0_46_385, 187.722, 138.72, 1.79992
FILLER_0_47_389, 187.722, 138.72, 1.79992
FILLER_0_46_410, 200.005, 138.72, 1.79991
_714_, 212.287, 138.72, 1.7999
FILLER_0_46_445, 212.287, 138.72, 1.7999
FILLER_0_47_441, 212.287, 138.72, 1.7999
FILLER_0_46_471, 224.57, 138.72, 1.7999
FILLER_0_47_496, 236.852, 138.72, 1.7999
FILLER_0_46_525, 249.135, 138.72, 1.7999
FILLER_0_47_553, 261.417, 138.72, 1.7999
FILLER_0_48_569, 261.417, 138.72, 1.7999
PHY_EDGE_ROW_44_Left_142, 5.52, 133.28, 1.79996
PHY_EDGE_ROW_45_Left_143, 5.52, 133.28, 1.79996
PHY_EDGE_ROW_44_Right_44, 273.7, 133.28, 1.79991
PHY_EDGE_ROW_45_Right_45, 273.7, 133.28, 1.79991
FILLER_0_44_577, 273.7, 133.28, 1.79991
FILLER_0_45_573, 273.7, 133.28, 1.79991
_709_, 34.64, 133.28, 1.79992
FILLER_0_44_58, 34.64, 133.28, 1.79992
FILLER_0_45_51, 34.64, 133.28, 1.79992
FILLER_0_46_77, 34.64, 133.28, 1.79992
_493_, 47.44, 133.28, 1.79989
FILLER_0_45_102, 47.44, 133.28, 1.79989
hold205, 60.24, 133.28, 1.79986
FILLER_0_46_129, 60.24, 133.28, 1.79986
_330_, 73.04, 133.28, 1.79983
FILLER_0_44_133, 73.04, 133.28, 1.79983
FILLER_0_46_154, 73.04, 133.28, 1.79983
_533_, 85.84, 133.28, 1.7998
clkbuf_leaf_5_clk, 85.84, 133.28, 1.7998
FILLER_0_45_161, 85.84, 133.28, 1.7998
FILLER_0_45_181, 85.84, 133.28, 1.7998
_549_, 98.64, 133.28, 1.7998
hold175, 98.64, 133.28, 1.7998
_354_, 111.44, 133.28, 1.79981
_370_, 111.44, 133.28, 1.79981
FILLER_0_45_220, 111.44, 133.28, 1.79981
FILLER_0_45_237, 111.44, 133.28, 1.79981
clkbuf_leaf_6_clk, 124.24, 133.28, 1.79982
FILLER_0_44_245, 124.24, 133.28, 1.79982
FILLER_0_44_300, 149.84, 133.28, 1.79989
FILLER_0_45_329, 162.64, 133.28, 1.79992
FILLER_0_46_354, 162.64, 133.28, 1.79992
_645_, 187.722, 133.28, 1.79993
FILLER_0_44_389, 187.722, 133.28, 1.79993
FILLER_0_45_387, 187.722, 133.28, 1.79993
FILLER_0_45_405, 187.722, 133.28, 1.79993
_450_, 200.005, 133.28, 1.79992
_458_, 200.005, 133.28, 1.79992
_653_, 200.005, 133.28, 1.79992
FILLER_0_44_416, 200.005, 133.28, 1.79992
_279_, 212.287, 133.28, 1.79991
hold211, 212.287, 133.28, 1.79991
FILLER_0_45_437, 212.287, 133.28, 1.79991
FILLER_0_45_445, 212.287, 133.28, 1.79991
FILLER_0_46_453, 212.287, 133.28, 1.79991
_715_, 224.57, 133.28, 1.79991
FILLER_0_45_473, 224.57, 133.28, 1.79991
_280_, 236.852, 133.28, 1.79991
FILLER_0_45_553, 261.417, 133.28, 1.79991
FILLER_0_46_569, 261.417, 133.28, 1.79991
PHY_EDGE_ROW_42_Left_140, 5.52, 127.84, 1.79998
PHY_EDGE_ROW_43_Left_141, 5.52, 127.84, 1.79998
PHY_EDGE_ROW_42_Right_42, 273.7, 127.84, 1.79988
PHY_EDGE_ROW_43_Right_43, 273.7, 127.84, 1.79988
FILLER_0_42_577, 273.7, 127.84, 1.79988
FILLER_0_43_573, 273.7, 127.84, 1.79988
_274_, 34.64, 127.84, 1.79995
_485_, 34.64, 127.84, 1.79995
hold201, 34.64, 127.84, 1.79995
hold204, 34.64, 127.84, 1.79995
FILLER_0_43_51, 34.64, 127.84, 1.79995
FILLER_0_43_69, 34.64, 127.84, 1.79995
_290_, 47.44, 127.84, 1.79994
hold191, 47.44, 127.84, 1.79994
_306_, 60.24, 127.84, 1.79992
hold181, 60.24, 127.84, 1.79992
FILLER_0_43_107, 60.24, 127.84, 1.79992
FILLER_0_43_116, 60.24, 127.84, 1.79992
_322_, 73.04, 127.84, 1.79991
_517_, 73.04, 127.84, 1.79991
hold218, 73.04, 127.84, 1.79991
FILLER_0_42_133, 73.04, 127.84, 1.79991
FILLER_0_44_153, 73.04, 127.84, 1.79991
_338_, 85.84, 127.84, 1.7999
FILLER_0_44_188, 85.84, 127.84, 1.7999
_550_, 98.64, 127.84, 1.79989
FILLER_0_42_189, 98.64, 127.84, 1.79989
_566_, 111.44, 127.84, 1.79989
hold172, 111.44, 127.84, 1.79989
FILLER_0_42_219, 111.44, 127.84, 1.79989
FILLER_0_43_217, 111.44, 127.84, 1.79989
FILLER_0_43_225, 111.44, 127.84, 1.79989
_371_, 124.24, 127.84, 1.79989
_582_, 124.24, 127.84, 1.79989
hold166, 124.24, 127.84, 1.79989
FILLER_0_42_247, 124.24, 127.84, 1.79989
_387_, 137.04, 127.84, 1.7999
_598_, 137.04, 127.84, 1.7999
hold149, 137.04, 127.84, 1.7999
FILLER_0_43_284, 137.04, 127.84, 1.7999
_403_, 149.84, 127.84, 1.79992
FILLER_0_42_304, 149.84, 127.84, 1.79992
FILLER_0_43_321, 149.84, 127.84, 1.79992
_614_, 162.64, 127.84, 1.79994
hold196, 162.64, 127.84, 1.79994
FILLER_0_42_333, 162.64, 127.84, 1.79994
_435_, 187.722, 127.84, 1.79994
hold178, 187.722, 127.84, 1.79994
FILLER_0_42_390, 187.722, 127.84, 1.79994
FILLER_0_43_383, 187.722, 127.84, 1.79994
hold171, 200.005, 127.84, 1.79992
FILLER_0_42_415, 200.005, 127.84, 1.79992
FILLER_0_42_421, 200.005, 127.84, 1.79992
FILLER_0_43_441, 212.287, 127.84, 1.7999
clkbuf_leaf_10_clk, 224.57, 127.84, 1.79988
FILLER_0_42_471, 224.57, 127.84, 1.79988
FILLER_0_44_488, 224.57, 127.84, 1.79988
FILLER_0_43_497, 236.852, 127.84, 1.79988
FILLER_0_42_525, 249.135, 127.84, 1.79988
FILLER_0_43_553, 261.417, 127.84, 1.79988
FILLER_0_44_569, 261.417, 127.84, 1.79988
PHY_EDGE_ROW_40_Left_138, 5.52, 122.4, 1.79998
PHY_EDGE_ROW_41_Left_139, 5.52, 122.4, 1.79998
PHY_EDGE_ROW_40_Right_40, 273.7, 122.4, 1.79994
PHY_EDGE_ROW_41_Right_41, 273.7, 122.4, 1.79994
FILLER_0_40_577, 273.7, 122.4, 1.79994
FILLER_0_41_573, 273.7, 122.4, 1.79994
_268_, 34.64, 122.4, 1.79996
FILLER_0_41_51, 34.64, 122.4, 1.79996
FILLER_0_42_77, 34.64, 122.4, 1.79996
_501_, 47.44, 122.4, 1.79995
FILLER_0_41_105, 47.44, 122.4, 1.79995
FILLER_0_42_97, 47.44, 122.4, 1.79995
_518_, 73.04, 122.4, 1.79992
_534_, 85.84, 122.4, 1.79992
hold156, 85.84, 122.4, 1.79992
FILLER_0_40_161, 85.84, 122.4, 1.79992
FILLER_0_41_161, 85.84, 122.4, 1.79992
_355_, 98.64, 122.4, 1.79992
hold148, 98.64, 122.4, 1.79992
FILLER_0_40_191, 98.64, 122.4, 1.79992
FILLER_0_41_189, 98.64, 122.4, 1.79992
FILLER_0_41_203, 98.64, 122.4, 1.79992
hold223, 111.44, 122.4, 1.79992
FILLER_0_42_234, 111.44, 122.4, 1.79992
_377_, 124.24, 122.4, 1.79992
FILLER_0_40_245, 124.24, 122.4, 1.79992
_588_, 137.04, 122.4, 1.79992
hold168, 137.04, 122.4, 1.79992
FILLER_0_40_281, 137.04, 122.4, 1.79992
FILLER_0_41_273, 137.04, 122.4, 1.79992
_409_, 149.84, 122.4, 1.79993
_604_, 149.84, 122.4, 1.79993
hold139, 149.84, 122.4, 1.79993
FILLER_0_40_301, 149.84, 122.4, 1.79993
FILLER_0_41_301, 149.84, 122.4, 1.79993
_419_, 162.64, 122.4, 1.79995
_620_, 162.64, 122.4, 1.79995
hold185, 162.64, 122.4, 1.79995
FILLER_0_41_330, 162.64, 122.4, 1.79995
FILLER_0_40_389, 187.722, 122.4, 1.79996
FILLER_0_41_389, 187.722, 122.4, 1.79996
_451_, 200.005, 122.4, 1.79994
_661_, 200.005, 122.4, 1.79994
_466_, 212.287, 122.4, 1.79994
_669_, 212.287, 122.4, 1.79994
hold206, 212.287, 122.4, 1.79994
FILLER_0_41_449, 212.287, 122.4, 1.79994
FILLER_0_41_457, 212.287, 122.4, 1.79994
_474_, 224.57, 122.4, 1.79994
FILLER_0_40_472, 224.57, 122.4, 1.79994
FILLER_0_41_495, 236.852, 122.4, 1.79994
FILLER_0_40_525, 249.135, 122.4, 1.79994
FILLER_0_41_553, 261.417, 122.4, 1.79994
FILLER_0_42_569, 261.417, 122.4, 1.79994
PHY_EDGE_ROW_38_Left_136, 5.52, 116.96, 1.79998
PHY_EDGE_ROW_39_Left_137, 5.52, 116.96, 1.79998
PHY_EDGE_ROW_38_Right_38, 273.7, 116.96, 1.79994
PHY_EDGE_ROW_39_Right_39, 273.7, 116.96, 1.79994
FILLER_0_38_577, 273.7, 116.96, 1.79994
FILLER_0_39_573, 273.7, 116.96, 1.79994
_486_, 34.64, 116.96, 1.79997
hold222, 34.64, 116.96, 1.79997
FILLER_0_39_51, 34.64, 116.96, 1.79997
FILLER_0_39_65, 34.64, 116.96, 1.79997
FILLER_0_40_74, 34.64, 116.96, 1.79997
_291_, 47.44, 116.96, 1.79997
hold210, 47.44, 116.96, 1.79997
FILLER_0_39_95, 47.44, 116.96, 1.79997
_307_, 60.24, 116.96, 1.79996
hold146, 60.24, 116.96, 1.79996
FILLER_0_39_108, 60.24, 116.96, 1.79996
FILLER_0_40_121, 60.24, 116.96, 1.79996
FILLER_0_40_129, 60.24, 116.96, 1.79996
_323_, 73.04, 116.96, 1.79996
FILLER_0_38_134, 73.04, 116.96, 1.79996
FILLER_0_39_140, 73.04, 116.96, 1.79996
FILLER_0_39_159, 73.04, 116.96, 1.79996
_339_, 85.84, 116.96, 1.79996
hold114, 98.64, 116.96, 1.79996
FILLER_0_38_197, 98.64, 116.96, 1.79996
_572_, 111.44, 116.96, 1.79996
hold162, 111.44, 116.96, 1.79996
FILLER_0_39_217, 111.44, 116.96, 1.79996
FILLER_0_39_225, 111.44, 116.96, 1.79996
FILLER_0_40_269, 124.24, 116.96, 1.79996
_393_, 137.04, 116.96, 1.79996
FILLER_0_39_275, 137.04, 116.96, 1.79996
FILLER_0_38_301, 149.84, 116.96, 1.79997
_425_, 162.64, 116.96, 1.79997
FILLER_0_39_329, 162.64, 116.96, 1.79997
_441_, 187.722, 116.96, 1.79996
_646_, 187.722, 116.96, 1.79996
FILLER_0_40_397, 187.722, 116.96, 1.79996
hold208, 200.005, 116.96, 1.79996
FILLER_0_38_410, 200.005, 116.96, 1.79996
fanout286, 212.287, 116.96, 1.79995
FILLER_0_38_445, 212.287, 116.96, 1.79995
FILLER_0_39_437, 212.287, 116.96, 1.79995
FILLER_0_39_445, 212.287, 116.96, 1.79995
FILLER_0_39_461, 212.287, 116.96, 1.79995
_242_, 224.57, 116.96, 1.79994
_677_, 224.57, 116.96, 1.79994
FILLER_0_38_466, 224.57, 116.96, 1.79994
FILLER_0_38_525, 249.135, 116.96, 1.79994
FILLER_0_39_553, 261.417, 116.96, 1.79994
FILLER_0_40_569, 261.417, 116.96, 1.79994
PHY_EDGE_ROW_36_Left_134, 5.52, 111.52, 1.79997
PHY_EDGE_ROW_37_Left_135, 5.52, 111.52, 1.79997
PHY_EDGE_ROW_36_Right_36, 273.7, 111.52, 1.79996
PHY_EDGE_ROW_37_Right_37, 273.7, 111.52, 1.79996
FILLER_0_36_577, 273.7, 111.52, 1.79996
FILLER_0_37_573, 273.7, 111.52, 1.79996
_269_, 34.64, 111.52, 1.79996
fanout266, 34.64, 111.52, 1.79996
hold221, 34.64, 111.52, 1.79996
FILLER_0_36_55, 34.64, 111.52, 1.79996
FILLER_0_38_77, 34.64, 111.52, 1.79996
_502_, 47.44, 111.52, 1.79994
FILLER_0_36_78, 47.44, 111.52, 1.79994
_326_, 73.04, 111.52, 1.79992
FILLER_0_36_133, 73.04, 111.52, 1.79992
FILLER_0_36_146, 73.04, 111.52, 1.79992
_540_, 85.84, 111.52, 1.79991
fanout270, 85.84, 111.52, 1.79991
hold154, 85.84, 111.52, 1.79991
FILLER_0_37_161, 85.84, 111.52, 1.79991
FILLER_0_37_169, 85.84, 111.52, 1.79991
FILLER_0_38_177, 85.84, 111.52, 1.79991
FILLER_0_38_185, 85.84, 111.52, 1.79991
_345_, 98.64, 111.52, 1.79991
_556_, 98.64, 111.52, 1.79991
FILLER_0_36_193, 98.64, 111.52, 1.79991
FILLER_0_37_212, 98.64, 111.52, 1.79991
_361_, 111.44, 111.52, 1.79992
FILLER_0_38_242, 111.44, 111.52, 1.79992
_374_, 124.24, 111.52, 1.79992
FILLER_0_36_245, 124.24, 111.52, 1.79992
FILLER_0_36_253, 124.24, 111.52, 1.79992
_390_, 137.04, 111.52, 1.79993
hold87, 137.04, 111.52, 1.79993
hold217, 137.04, 111.52, 1.79993
FILLER_0_37_273, 137.04, 111.52, 1.79993
_406_, 149.84, 111.52, 1.79993
_601_, 149.84, 111.52, 1.79993
fanout282, 149.84, 111.52, 1.79993
FILLER_0_36_302, 149.84, 111.52, 1.79993
FILLER_0_36_309, 149.84, 111.52, 1.79993
_617_, 162.64, 111.52, 1.79995
hold173, 162.64, 111.52, 1.79995
_438_, 187.722, 111.52, 1.79997
hold167, 187.722, 111.52, 1.79997
hold198, 187.722, 111.52, 1.79997
FILLER_0_36_393, 187.722, 111.52, 1.79997
FILLER_0_37_385, 187.722, 111.52, 1.79997
FILLER_0_37_393, 187.722, 111.52, 1.79997
FILLER_0_37_404, 187.722, 111.52, 1.79997
_454_, 200.005, 111.52, 1.79996
_467_, 212.287, 111.52, 1.79996
FILLER_0_37_441, 212.287, 111.52, 1.79996
hold215, 224.57, 111.52, 1.79996
FILLER_0_36_468, 224.57, 111.52, 1.79996
FILLER_0_37_464, 224.57, 111.52, 1.79996
hold85, 236.852, 111.52, 1.79996
FILLER_0_37_500, 236.852, 111.52, 1.79996
FILLER_0_36_529, 249.135, 111.52, 1.79996
FILLER_0_37_553, 261.417, 111.52, 1.79996
FILLER_0_38_569, 261.417, 111.52, 1.79996
PHY_EDGE_ROW_34_Left_132, 5.52, 106.08, 1.79995
PHY_EDGE_ROW_35_Left_133, 5.52, 106.08, 1.79995
PHY_EDGE_ROW_34_Right_34, 273.7, 106.08, 1.79985
PHY_EDGE_ROW_35_Right_35, 273.7, 106.08, 1.79985
FILLER_0_34_572, 273.7, 106.08, 1.79985
FILLER_0_35_573, 273.7, 106.08, 1.79985
_489_, 34.64, 106.08, 1.7999
FILLER_0_35_51, 34.64, 106.08, 1.7999
FILLER_0_35_69, 34.64, 106.08, 1.7999
_294_, 47.44, 106.08, 1.79985
clkbuf_leaf_3_clk, 47.44, 106.08, 1.79985
hold143, 47.44, 106.08, 1.79985
FILLER_0_35_95, 47.44, 106.08, 1.79985
_310_, 60.24, 106.08, 1.79982
_505_, 60.24, 106.08, 1.79982
FILLER_0_34_108, 60.24, 106.08, 1.79982
_329_, 73.04, 106.08, 1.7998
_521_, 73.04, 106.08, 1.7998
_524_, 73.04, 106.08, 1.7998
hold133, 73.04, 106.08, 1.7998
FILLER_0_35_133, 73.04, 106.08, 1.7998
_537_, 85.84, 106.08, 1.79979
hold141, 85.84, 106.08, 1.79979
FILLER_0_34_161, 85.84, 106.08, 1.79979
FILLER_0_35_169, 85.84, 106.08, 1.79979
_342_, 98.64, 106.08, 1.79979
_553_, 98.64, 106.08, 1.79979
hold158, 98.64, 106.08, 1.79979
_358_, 111.44, 106.08, 1.7998
_569_, 111.44, 106.08, 1.7998
hold131, 111.44, 106.08, 1.7998
_585_, 124.24, 106.08, 1.79981
hold134, 124.24, 106.08, 1.79981
FILLER_0_34_248, 124.24, 106.08, 1.79981
FILLER_0_34_253, 124.24, 106.08, 1.79981
FILLER_0_35_270, 124.24, 106.08, 1.79981
_422_, 162.64, 106.08, 1.79986
clkbuf_leaf_8_clk, 162.64, 106.08, 1.79986
FILLER_0_35_329, 162.64, 106.08, 1.79986
_649_, 187.722, 106.08, 1.79989
FILLER_0_35_385, 187.722, 106.08, 1.79989
_652_, 200.005, 106.08, 1.79987
_662_, 200.005, 106.08, 1.79987
hold189, 200.005, 106.08, 1.79987
FILLER_0_34_413, 200.005, 106.08, 1.79987
FILLER_0_35_429, 200.005, 106.08, 1.79987
_665_, 212.287, 106.08, 1.79985
FILLER_0_34_441, 212.287, 106.08, 1.79985
FILLER_0_35_443, 212.287, 106.08, 1.79985
_243_, 224.57, 106.08, 1.79985
_470_, 224.57, 106.08, 1.79985
_678_, 224.57, 106.08, 1.79985
FILLER_0_34_470, 224.57, 106.08, 1.79985
FILLER_0_34_525, 249.135, 106.08, 1.79985
FILLER_0_35_553, 261.417, 106.08, 1.79985
FILLER_0_36_569, 261.417, 106.08, 1.79985
PHY_EDGE_ROW_32_Left_130, 5.52, 100.64, 1.79998
PHY_EDGE_ROW_33_Left_131, 5.52, 100.64, 1.79998
PHY_EDGE_ROW_32_Right_32, 273.7, 100.64, 1.79989
PHY_EDGE_ROW_33_Right_33, 273.7, 100.64, 1.79989
FILLER_0_32_577, 273.7, 100.64, 1.79989
FILLER_0_33_573, 273.7, 100.64, 1.79989
FILLER_0_33_51, 34.64, 100.64, 1.79995
FILLER_0_34_77, 34.64, 100.64, 1.79995
_492_, 47.44, 100.64, 1.79993
hold124, 47.44, 100.64, 1.79993
hold219, 47.44, 100.64, 1.79993
FILLER_0_33_101, 47.44, 100.64, 1.79993
_508_, 60.24, 100.64, 1.79991
FILLER_0_32_109, 60.24, 100.64, 1.79991
FILLER_0_32_117, 60.24, 100.64, 1.79991
FILLER_0_34_131, 60.24, 100.64, 1.79991
hold132, 73.04, 100.64, 1.7999
FILLER_0_32_134, 73.04, 100.64, 1.7999
FILLER_0_33_133, 73.04, 100.64, 1.7999
FILLER_0_33_161, 85.84, 100.64, 1.79988
FILLER_0_34_188, 85.84, 100.64, 1.79988
FILLER_0_32_189, 98.64, 100.64, 1.79987
clkbuf_leaf_7_clk, 111.44, 100.64, 1.79986
FILLER_0_33_217, 111.44, 100.64, 1.79986
FILLER_0_34_233, 111.44, 100.64, 1.79986
_580_, 124.24, 100.64, 1.79987
hold214, 124.24, 100.64, 1.79987
FILLER_0_32_245, 124.24, 100.64, 1.79987
FILLER_0_32_253, 124.24, 100.64, 1.79987
_385_, 137.04, 100.64, 1.79989
_596_, 137.04, 100.64, 1.79989
hold67, 137.04, 100.64, 1.79989
FILLER_0_33_273, 137.04, 100.64, 1.79989
FILLER_0_33_281, 137.04, 100.64, 1.79989
_401_, 149.84, 100.64, 1.79991
hold161, 149.84, 100.64, 1.79991
hold224, 149.84, 100.64, 1.79991
FILLER_0_32_305, 149.84, 100.64, 1.79991
FILLER_0_32_309, 149.84, 100.64, 1.79991
_417_, 162.64, 100.64, 1.79993
FILLER_0_33_329, 162.64, 100.64, 1.79993
FILLER_0_33_352, 162.64, 100.64, 1.79993
hold180, 187.722, 100.64, 1.79995
FILLER_0_32_385, 187.722, 100.64, 1.79995
FILLER_0_33_389, 187.722, 100.64, 1.79995
_457_, 200.005, 100.64, 1.79993
FILLER_0_32_410, 200.005, 100.64, 1.79993
FILLER_0_33_417, 200.005, 100.64, 1.79993
FILLER_0_33_425, 200.005, 100.64, 1.79993
hold151, 212.287, 100.64, 1.79992
FILLER_0_33_443, 212.287, 100.64, 1.79992
FILLER_0_32_469, 224.57, 100.64, 1.79991
_258_, 236.852, 100.64, 1.79989
_693_, 236.852, 100.64, 1.79989
FILLER_0_33_495, 236.852, 100.64, 1.79989
FILLER_0_33_510, 236.852, 100.64, 1.79989
_281_, 249.135, 100.64, 1.79989
_716_, 249.135, 100.64, 1.79989
FILLER_0_32_527, 249.135, 100.64, 1.79989
FILLER_0_33_518, 249.135, 100.64, 1.79989
FILLER_0_33_556, 261.417, 100.64, 1.79989
PHY_EDGE_ROW_30_Left_128, 5.52, 95.2, 1.79997
PHY_EDGE_ROW_31_Left_129, 5.52, 95.2, 1.79997
PHY_EDGE_ROW_30_Right_30, 273.7, 95.2, 1.79993
PHY_EDGE_ROW_31_Right_31, 273.7, 95.2, 1.79993
FILLER_0_30_577, 273.7, 95.2, 1.79993
FILLER_0_31_573, 273.7, 95.2, 1.79993
_270_, 34.64, 95.2, 1.79994
FILLER_0_32_76, 34.64, 95.2, 1.79994
_297_, 47.44, 95.2, 1.79991
_313_, 60.24, 95.2, 1.79988
clkbuf_leaf_2_clk, 60.24, 95.2, 1.79988
FILLER_0_31_108, 60.24, 95.2, 1.79988
FILLER_0_30_136, 73.04, 95.2, 1.79988
_539_, 85.84, 95.2, 1.79987
hold117, 85.84, 95.2, 1.79987
FILLER_0_31_161, 85.84, 95.2, 1.79987
_344_, 98.64, 95.2, 1.79987
hold127, 98.64, 95.2, 1.79987
FILLER_0_30_197, 98.64, 95.2, 1.79987
FILLER_0_31_193, 98.64, 95.2, 1.79987
_564_, 111.44, 95.2, 1.79987
hold129, 111.44, 95.2, 1.79987
FILLER_0_31_221, 111.44, 95.2, 1.79987
_376_, 124.24, 95.2, 1.79988
hold159, 124.24, 95.2, 1.79988
FILLER_0_30_246, 124.24, 95.2, 1.79988
FILLER_0_30_256, 124.24, 95.2, 1.79988
FILLER_0_31_245, 124.24, 95.2, 1.79988
_587_, 137.04, 95.2, 1.79989
FILLER_0_31_273, 137.04, 95.2, 1.79989
FILLER_0_31_293, 137.04, 95.2, 1.79989
_603_, 149.84, 95.2, 1.7999
_612_, 149.84, 95.2, 1.7999
hold62, 149.84, 95.2, 1.7999
FILLER_0_30_305, 149.84, 95.2, 1.7999
FILLER_0_32_316, 149.84, 95.2, 1.7999
_619_, 162.64, 95.2, 1.79993
hold147, 162.64, 95.2, 1.79993
_644_, 187.722, 95.2, 1.79995
FILLER_0_31_385, 187.722, 95.2, 1.79995
hold137, 200.005, 95.2, 1.79994
FILLER_0_30_421, 200.005, 95.2, 1.79994
FILLER_0_31_413, 200.005, 95.2, 1.79994
FILLER_0_31_421, 200.005, 95.2, 1.79994
_668_, 212.287, 95.2, 1.79993
FILLER_0_31_444, 212.287, 95.2, 1.79993
FILLER_0_31_449, 212.287, 95.2, 1.79993
_473_, 224.57, 95.2, 1.79993
hold135, 224.57, 95.2, 1.79993
FILLER_0_30_469, 224.57, 95.2, 1.79993
FILLER_0_32_489, 224.57, 95.2, 1.79993
hold68, 236.852, 95.2, 1.79993
hold101, 236.852, 95.2, 1.79993
FILLER_0_31_557, 261.417, 95.2, 1.79993
FILLER_0_32_569, 261.417, 95.2, 1.79993
PHY_EDGE_ROW_28_Left_126, 5.52, 89.76, 1.79997
PHY_EDGE_ROW_29_Left_127, 5.52, 89.76, 1.79997
PHY_EDGE_ROW_28_Right_28, 273.7, 89.76, 1.79979
PHY_EDGE_ROW_29_Right_29, 273.7, 89.76, 1.79979
FILLER_0_28_577, 273.7, 89.76, 1.79979
FILLER_0_29_573, 273.7, 89.76, 1.79979
_491_, 34.64, 89.76, 1.79993
FILLER_0_29_51, 34.64, 89.76, 1.79993
FILLER_0_29_69, 34.64, 89.76, 1.79993
FILLER_0_30_77, 34.64, 89.76, 1.79993
_296_, 47.44, 89.76, 1.7999
hold118, 47.44, 89.76, 1.7999
hold150, 47.44, 89.76, 1.7999
FILLER_0_29_96, 47.44, 89.76, 1.7999
FILLER_0_30_97, 47.44, 89.76, 1.7999
hold122, 60.24, 89.76, 1.79987
FILLER_0_29_109, 60.24, 89.76, 1.79987
FILLER_0_29_125, 60.24, 89.76, 1.79987
_523_, 73.04, 89.76, 1.79984
FILLER_0_28_136, 73.04, 89.76, 1.79984
FILLER_0_28_141, 73.04, 89.76, 1.79984
FILLER_0_29_158, 73.04, 89.76, 1.79984
_532_, 85.84, 89.76, 1.79981
hold121, 85.84, 89.76, 1.79981
FILLER_0_29_181, 85.84, 89.76, 1.79981
_353_, 98.64, 89.76, 1.7998
_548_, 98.64, 89.76, 1.7998
_555_, 98.64, 89.76, 1.7998
FILLER_0_28_193, 98.64, 89.76, 1.7998
_360_, 111.44, 89.76, 1.79979
_369_, 111.44, 89.76, 1.79979
_571_, 111.44, 89.76, 1.79979
clkbuf_leaf_1_clk, 111.44, 89.76, 1.79979
hold125, 111.44, 89.76, 1.79979
FILLER_0_29_217, 111.44, 89.76, 1.79979
FILLER_0_29_230, 111.44, 89.76, 1.79979
FILLER_0_29_238, 111.44, 89.76, 1.79979
hold145, 124.24, 89.76, 1.79982
_392_, 137.04, 89.76, 1.79985
FILLER_0_29_273, 137.04, 89.76, 1.79985
FILLER_0_30_297, 137.04, 89.76, 1.79985
_408_, 149.84, 89.76, 1.79987
FILLER_0_28_301, 149.84, 89.76, 1.79987
_440_, 187.722, 89.76, 1.79988
_449_, 187.722, 89.76, 1.79988
FILLER_0_30_400, 187.722, 89.76, 1.79988
_456_, 200.005, 89.76, 1.79984
_660_, 200.005, 89.76, 1.79984
FILLER_0_28_410, 200.005, 89.76, 1.79984
FILLER_0_30_429, 200.005, 89.76, 1.79984
_465_, 212.287, 89.76, 1.7998
clkbuf_leaf_11_clk, 212.287, 89.76, 1.7998
FILLER_0_29_444, 212.287, 89.76, 1.7998
FILLER_0_29_461, 212.287, 89.76, 1.7998
FILLER_0_30_455, 212.287, 89.76, 1.7998
_684_, 224.57, 89.76, 1.79979
hold142, 224.57, 89.76, 1.79979
FILLER_0_28_472, 224.57, 89.76, 1.79979
FILLER_0_30_477, 224.57, 89.76, 1.79979
_249_, 236.852, 89.76, 1.79979
FILLER_0_29_498, 236.852, 89.76, 1.79979
FILLER_0_29_553, 261.417, 89.76, 1.79979
FILLER_0_30_569, 261.417, 89.76, 1.79979
PHY_EDGE_ROW_26_Left_124, 5.52, 84.32, 1.79994
PHY_EDGE_ROW_27_Left_125, 5.52, 84.32, 1.79994
PHY_EDGE_ROW_26_Right_26, 273.7, 84.32, 1.79988
PHY_EDGE_ROW_27_Right_27, 273.7, 84.32, 1.79988
FILLER_0_26_577, 273.7, 84.32, 1.79988
FILLER_0_27_573, 273.7, 84.32, 1.79988
hold212, 13.68, 84.32, 1.79994
FILLER_0_27_15, 13.68, 84.32, 1.79994
_484_, 34.64, 84.32, 1.79988
FILLER_0_27_53, 34.64, 84.32, 1.79988
FILLER_0_28_77, 34.64, 84.32, 1.79988
_500_, 47.44, 84.32, 1.79983
_507_, 47.44, 84.32, 1.79983
hold95, 47.44, 84.32, 1.79983
FILLER_0_27_101, 47.44, 84.32, 1.79983
FILLER_0_28_100, 47.44, 84.32, 1.79983
_312_, 60.24, 84.32, 1.79978
hold41, 60.24, 84.32, 1.79978
FILLER_0_27_109, 60.24, 84.32, 1.79978
_321_, 73.04, 84.32, 1.79974
_328_, 73.04, 84.32, 1.79974
hold177, 73.04, 84.32, 1.79974
FILLER_0_28_151, 73.04, 84.32, 1.79974
_337_, 85.84, 84.32, 1.7997
clkbuf_1_0__f_clk, 85.84, 84.32, 1.7997
FILLER_0_26_165, 85.84, 84.32, 1.7997
FILLER_0_27_163, 85.84, 84.32, 1.7997
FILLER_0_26_192, 98.64, 84.32, 1.79973
FILLER_0_28_209, 98.64, 84.32, 1.79973
hold170, 111.44, 84.32, 1.79976
FILLER_0_26_221, 111.44, 84.32, 1.79976
FILLER_0_28_242, 111.44, 84.32, 1.79976
_375_, 124.24, 84.32, 1.79979
hold112, 124.24, 84.32, 1.79979
FILLER_0_27_269, 124.24, 84.32, 1.79979
FILLER_0_27_277, 137.04, 84.32, 1.79982
FILLER_0_27_293, 137.04, 84.32, 1.79982
_602_, 149.84, 84.32, 1.79985
hold136, 149.84, 84.32, 1.79985
_618_, 162.64, 84.32, 1.79989
hold108, 162.64, 84.32, 1.79989
FILLER_0_26_329, 162.64, 84.32, 1.79989
FILLER_0_27_332, 162.64, 84.32, 1.79989
_651_, 187.722, 84.32, 1.79991
hold100, 187.722, 84.32, 1.79991
FILLER_0_27_389, 187.722, 84.32, 1.79991
FILLER_0_27_405, 187.722, 84.32, 1.79991
FILLER_0_26_410, 200.005, 84.32, 1.7999
FILLER_0_27_429, 200.005, 84.32, 1.7999
_667_, 212.287, 84.32, 1.79989
hold130, 212.287, 84.32, 1.79989
FILLER_0_27_437, 212.287, 84.32, 1.79989
hold126, 224.57, 84.32, 1.79988
FILLER_0_26_473, 224.57, 84.32, 1.79988
_694_, 236.852, 84.32, 1.79988
hold120, 236.852, 84.32, 1.79988
FILLER_0_27_493, 236.852, 84.32, 1.79988
FILLER_0_27_501, 236.852, 84.32, 1.79988
_259_, 249.135, 84.32, 1.79988
FILLER_0_26_521, 249.135, 84.32, 1.79988
FILLER_0_26_529, 249.135, 84.32, 1.79988
FILLER_0_27_552, 261.417, 84.32, 1.79988
FILLER_0_28_569, 261.417, 84.32, 1.79988
PHY_EDGE_ROW_24_Left_122, 5.52, 78.88, 1.79997
PHY_EDGE_ROW_25_Left_123, 5.52, 78.88, 1.79997
PHY_EDGE_ROW_24_Right_24, 273.7, 78.88, 1.79979
PHY_EDGE_ROW_25_Right_25, 273.7, 78.88, 1.79979
FILLER_0_24_572, 273.7, 78.88, 1.79979
FILLER_0_25_573, 273.7, 78.88, 1.79979
_289_, 34.64, 78.88, 1.79993
FILLER_0_25_51, 34.64, 78.88, 1.79993
FILLER_0_25_57, 34.64, 78.88, 1.79993
FILLER_0_26_75, 34.64, 78.88, 1.79993
_305_, 47.44, 78.88, 1.7999
_516_, 60.24, 78.88, 1.79987
FILLER_0_25_107, 60.24, 78.88, 1.79987
FILLER_0_24_133, 73.04, 78.88, 1.79984
FILLER_0_25_158, 73.04, 78.88, 1.79984
_538_, 85.84, 78.88, 1.79981
fanout265, 85.84, 78.88, 1.79981
hold116, 85.84, 78.88, 1.79981
FILLER_0_25_188, 85.84, 78.88, 1.79981
_343_, 98.64, 78.88, 1.79979
_554_, 98.64, 78.88, 1.79979
hold119, 98.64, 78.88, 1.79979
_570_, 111.44, 78.88, 1.79978
_586_, 124.24, 78.88, 1.79977
FILLER_0_24_249, 124.24, 78.88, 1.79977
_391_, 137.04, 78.88, 1.79977
clkbuf_0_clk, 137.04, 78.88, 1.79977
FILLER_0_25_273, 137.04, 78.88, 1.79977
_404_, 149.84, 78.88, 1.7998
_407_, 149.84, 78.88, 1.7998
fanout277, 149.84, 78.88, 1.7998
FILLER_0_24_301, 149.84, 78.88, 1.7998
FILLER_0_25_308, 149.84, 78.88, 1.7998
_615_, 162.64, 78.88, 1.79984
FILLER_0_25_329, 162.64, 78.88, 1.79984
_439_, 187.722, 78.88, 1.79981
clkbuf_1_1__f_clk, 187.722, 78.88, 1.79981
hold105, 187.722, 78.88, 1.79981
FILLER_0_24_388, 187.722, 78.88, 1.79981
FILLER_0_25_393, 187.722, 78.88, 1.79981
_452_, 200.005, 78.88, 1.7998
_455_, 200.005, 78.88, 1.7998
FILLER_0_25_410, 200.005, 78.88, 1.7998
_472_, 212.287, 78.88, 1.7998
fanout281, 212.287, 78.88, 1.7998
FILLER_0_24_445, 212.287, 78.88, 1.7998
_241_, 224.57, 78.88, 1.79979
_676_, 224.57, 78.88, 1.79979
FILLER_0_25_473, 224.57, 78.88, 1.79979
FILLER_0_25_481, 224.57, 78.88, 1.79979
hold96, 236.852, 78.88, 1.79979
FILLER_0_24_501, 236.852, 78.88, 1.79979
FILLER_0_25_499, 236.852, 78.88, 1.79979
FILLER_0_25_549, 261.417, 78.88, 1.79979
FILLER_0_25_557, 261.417, 78.88, 1.79979
FILLER_0_26_569, 261.417, 78.88, 1.79979
PHY_EDGE_ROW_22_Left_120, 5.52, 73.44, 1.79998
PHY_EDGE_ROW_23_Left_121, 5.52, 73.44, 1.79998
PHY_EDGE_ROW_22_Right_22, 273.7, 73.44, 1.79984
PHY_EDGE_ROW_23_Right_23, 273.7, 73.44, 1.79984
FILLER_0_22_577, 273.7, 73.44, 1.79984
FILLER_0_23_573, 273.7, 73.44, 1.79984
hold90, 34.64, 73.44, 1.79996
FILLER_0_23_51, 34.64, 73.44, 1.79996
FILLER_0_23_57, 34.64, 73.44, 1.79996
FILLER_0_24_77, 34.64, 73.44, 1.79996
_295_, 47.44, 73.44, 1.79994
FILLER_0_22_85, 47.44, 73.44, 1.79994
FILLER_0_23_104, 47.44, 73.44, 1.79994
hold107, 60.24, 73.44, 1.79992
FILLER_0_23_125, 60.24, 73.44, 1.79992
_327_, 73.04, 73.44, 1.7999
_522_, 73.04, 73.44, 1.7999
FILLER_0_22_133, 73.04, 73.44, 1.7999
FILLER_0_22_141, 73.04, 73.44, 1.7999
FILLER_0_24_153, 73.04, 73.44, 1.7999
fanout264, 85.84, 73.44, 1.79989
_359_, 98.64, 73.44, 1.79987
_551_, 98.64, 73.44, 1.79987
FILLER_0_22_193, 98.64, 73.44, 1.79987
FILLER_0_24_209, 98.64, 73.44, 1.79987
_567_, 111.44, 73.44, 1.79987
hold110, 111.44, 73.44, 1.79987
FILLER_0_24_241, 111.44, 73.44, 1.79987
_583_, 124.24, 73.44, 1.79987
hold155, 124.24, 73.44, 1.79987
FILLER_0_23_245, 124.24, 73.44, 1.79987
_388_, 137.04, 73.44, 1.79988
_599_, 137.04, 73.44, 1.79988
hold128, 137.04, 73.44, 1.79988
FILLER_0_23_284, 137.04, 73.44, 1.79988
fanout276, 149.84, 73.44, 1.79989
hold91, 149.84, 73.44, 1.79989
FILLER_0_22_301, 149.84, 73.44, 1.79989
FILLER_0_24_323, 149.84, 73.44, 1.79989
_420_, 162.64, 73.44, 1.79991
FILLER_0_23_331, 162.64, 73.44, 1.79991
_650_, 187.722, 73.44, 1.7999
hold97, 187.722, 73.44, 1.7999
FILLER_0_22_389, 187.722, 73.44, 1.7999
FILLER_0_23_388, 187.722, 73.44, 1.7999
FILLER_0_23_403, 187.722, 73.44, 1.7999
hold22, 200.005, 73.44, 1.79988
_471_, 212.287, 73.44, 1.79986
_666_, 212.287, 73.44, 1.79986
hold50, 212.287, 73.44, 1.79986
FILLER_0_23_437, 212.287, 73.44, 1.79986
FILLER_0_24_455, 212.287, 73.44, 1.79986
_257_, 236.852, 73.44, 1.79984
_692_, 236.852, 73.44, 1.79984
_700_, 236.852, 73.44, 1.79984
FILLER_0_23_493, 236.852, 73.44, 1.79984
FILLER_0_23_501, 236.852, 73.44, 1.79984
FILLER_0_24_509, 236.852, 73.44, 1.79984
_265_, 249.135, 73.44, 1.79984
FILLER_0_22_527, 249.135, 73.44, 1.79984
PHY_EDGE_ROW_20_Left_118, 5.52, 68, 1.79995
PHY_EDGE_ROW_21_Left_119, 5.52, 68, 1.79995
FILLER_0_21_3, 5.52, 68, 1.79995
PHY_EDGE_ROW_20_Right_20, 273.7, 68, 1.7999
PHY_EDGE_ROW_21_Right_21, 273.7, 68, 1.7999
FILLER_0_20_577, 273.7, 68, 1.7999
FILLER_0_21_573, 273.7, 68, 1.7999
_702_, 13.68, 68, 1.79995
FILLER_0_20_15, 13.68, 68, 1.79995
FILLER_0_21_11, 13.68, 68, 1.79995
_487_, 34.64, 68, 1.79991
_490_, 34.64, 68, 1.79991
FILLER_0_20_53, 34.64, 68, 1.79991
FILLER_0_21_51, 34.64, 68, 1.79991
FILLER_0_22_69, 34.64, 68, 1.79991
_506_, 47.44, 68, 1.79988
hold14, 47.44, 68, 1.79988
hold17, 47.44, 68, 1.79988
FILLER_0_20_78, 47.44, 68, 1.79988
FILLER_0_20_85, 47.44, 68, 1.79988
_311_, 60.24, 68, 1.79985
FILLER_0_20_116, 60.24, 68, 1.79985
_324_, 73.04, 68, 1.79983
clkbuf_leaf_0_clk, 73.04, 68, 1.79983
FILLER_0_21_152, 73.04, 68, 1.79983
_340_, 85.84, 68, 1.79983
_535_, 85.84, 68, 1.79983
hold111, 85.84, 68, 1.79983
FILLER_0_20_169, 85.84, 68, 1.79983
FILLER_0_22_185, 85.84, 68, 1.79983
_356_, 98.64, 68, 1.79985
hold106, 98.64, 68, 1.79985
FILLER_0_21_189, 98.64, 68, 1.79985
FILLER_0_21_202, 98.64, 68, 1.79985
_372_, 111.44, 68, 1.79986
FILLER_0_21_237, 111.44, 68, 1.79986
hold81, 124.24, 68, 1.79988
FILLER_0_20_245, 124.24, 68, 1.79988
FILLER_0_20_253, 124.24, 68, 1.79988
_389_, 137.04, 68, 1.79989
hold104, 137.04, 68, 1.79989
FILLER_0_21_293, 137.04, 68, 1.79989
_600_, 149.84, 68, 1.79991
FILLER_0_20_300, 149.84, 68, 1.79991
_616_, 162.64, 68, 1.79993
hold78, 162.64, 68, 1.79993
FILLER_0_20_329, 162.64, 68, 1.79993
FILLER_0_21_330, 162.64, 68, 1.79993
_647_, 187.722, 68, 1.79993
FILLER_0_21_389, 187.722, 68, 1.79993
FILLER_0_22_397, 187.722, 68, 1.79993
_663_, 200.005, 68, 1.79992
FILLER_0_20_417, 200.005, 68, 1.79992
FILLER_0_22_433, 200.005, 68, 1.79992
_468_, 212.287, 68, 1.79991
fanout280, 212.287, 68, 1.79991
FILLER_0_21_441, 212.287, 68, 1.79991
_681_, 224.57, 68, 1.7999
FILLER_0_20_469, 224.57, 68, 1.7999
FILLER_0_21_464, 224.57, 68, 1.7999
FILLER_0_22_489, 224.57, 68, 1.7999
_246_, 236.852, 68, 1.7999
hold102, 236.852, 68, 1.7999
hold144, 236.852, 68, 1.7999
FILLER_0_20_497, 236.852, 68, 1.7999
FILLER_0_21_553, 261.417, 68, 1.7999
FILLER_0_22_569, 261.417, 68, 1.7999
PHY_EDGE_ROW_18_Left_116, 5.52, 62.56, 1.79998
PHY_EDGE_ROW_19_Left_117, 5.52, 62.56, 1.79998
PHY_EDGE_ROW_18_Right_18, 273.7, 62.56, 1.79972
PHY_EDGE_ROW_19_Right_19, 273.7, 62.56, 1.79972
FILLER_0_18_573, 273.7, 62.56, 1.79972
FILLER_0_19_573, 273.7, 62.56, 1.79972
_267_, 13.68, 62.56, 1.79998
_292_, 34.64, 62.56, 1.79995
FILLER_0_18_53, 34.64, 62.56, 1.79995
FILLER_0_18_61, 34.64, 62.56, 1.79995
FILLER_0_19_51, 34.64, 62.56, 1.79995
FILLER_0_19_57, 34.64, 62.56, 1.79995
_503_, 47.44, 62.56, 1.79992
FILLER_0_20_93, 47.44, 62.56, 1.79992
_308_, 60.24, 62.56, 1.7999
_519_, 60.24, 62.56, 1.7999
hold103, 60.24, 62.56, 1.7999
FILLER_0_19_109, 60.24, 62.56, 1.7999
FILLER_0_19_125, 60.24, 62.56, 1.7999
FILLER_0_20_132, 60.24, 62.56, 1.7999
FILLER_0_18_133, 73.04, 62.56, 1.79988
FILLER_0_20_156, 73.04, 62.56, 1.79988
FILLER_0_19_162, 85.84, 62.56, 1.79987
FILLER_0_20_188, 85.84, 62.56, 1.79987
_552_, 98.64, 62.56, 1.79985
FILLER_0_18_189, 98.64, 62.56, 1.79985
_568_, 111.44, 62.56, 1.79984
hold165, 111.44, 62.56, 1.79984
FILLER_0_18_217, 111.44, 62.56, 1.79984
FILLER_0_19_217, 111.44, 62.56, 1.79984
FILLER_0_19_225, 111.44, 62.56, 1.79984
_584_, 124.24, 62.56, 1.79984
clkbuf_leaf_18_clk, 124.24, 62.56, 1.79984
FILLER_0_19_273, 137.04, 62.56, 1.79986
_405_, 149.84, 62.56, 1.79989
FILLER_0_18_301, 149.84, 62.56, 1.79989
FILLER_0_19_305, 149.84, 62.56, 1.79989
FILLER_0_19_326, 149.84, 62.56, 1.79989
_421_, 162.64, 62.56, 1.79991
_648_, 187.722, 62.56, 1.79989
hold99, 187.722, 62.56, 1.79989
FILLER_0_19_393, 187.722, 62.56, 1.79989
FILLER_0_20_409, 187.722, 62.56, 1.79989
_453_, 200.005, 62.56, 1.79985
hold24, 212.287, 62.56, 1.7998
FILLER_0_19_438, 212.287, 62.56, 1.7998
FILLER_0_18_471, 224.57, 62.56, 1.79976
FILLER_0_20_489, 224.57, 62.56, 1.79976
_244_, 236.852, 62.56, 1.79972
_679_, 236.852, 62.56, 1.79972
clkbuf_leaf_13_clk, 236.852, 62.56, 1.79972
hold160, 236.852, 62.56, 1.79972
FILLER_0_18_501, 236.852, 62.56, 1.79972
FILLER_0_19_497, 236.852, 62.56, 1.79972
_262_, 249.135, 62.56, 1.79972
FILLER_0_18_528, 249.135, 62.56, 1.79972
FILLER_0_19_549, 261.417, 62.56, 1.79972
FILLER_0_19_557, 261.417, 62.56, 1.79972
FILLER_0_20_569, 261.417, 62.56, 1.79972
PHY_EDGE_ROW_16_Left_114, 5.52, 57.12, 1.79996
PHY_EDGE_ROW_17_Left_115, 5.52, 57.12, 1.79996
PHY_EDGE_ROW_16_Right_16, 273.7, 57.12, 1.79979
PHY_EDGE_ROW_17_Right_17, 273.7, 57.12, 1.79979
FILLER_0_16_577, 273.7, 57.12, 1.79979
FILLER_0_17_573, 273.7, 57.12, 1.79979
_304_, 34.64, 57.12, 1.79991
clkbuf_leaf_22_clk, 34.64, 57.12, 1.79991
hold80, 34.64, 57.12, 1.79991
FILLER_0_18_75, 34.64, 57.12, 1.79991
_293_, 47.44, 57.12, 1.7999
FILLER_0_16_85, 47.44, 57.12, 1.7999
FILLER_0_17_105, 47.44, 57.12, 1.7999
_520_, 60.24, 57.12, 1.79988
hold8, 60.24, 57.12, 1.79988
FILLER_0_17_113, 60.24, 57.12, 1.79988
_325_, 73.04, 57.12, 1.79987
hold93, 73.04, 57.12, 1.79987
FILLER_0_17_149, 73.04, 57.12, 1.79987
FILLER_0_17_157, 73.04, 57.12, 1.79987
_341_, 85.84, 57.12, 1.79986
_536_, 85.84, 57.12, 1.79986
FILLER_0_16_168, 85.84, 57.12, 1.79986
_357_, 98.64, 57.12, 1.79985
hold88, 98.64, 57.12, 1.79985
FILLER_0_17_189, 98.64, 57.12, 1.79985
FILLER_0_17_202, 98.64, 57.12, 1.79985
_373_, 111.44, 57.12, 1.79985
_563_, 111.44, 57.12, 1.79985
FILLER_0_17_221, 111.44, 57.12, 1.79985
FILLER_0_18_233, 111.44, 57.12, 1.79985
FILLER_0_18_243, 111.44, 57.12, 1.79985
_579_, 124.24, 57.12, 1.79985
hold64, 124.24, 57.12, 1.79985
_595_, 137.04, 57.12, 1.79986
hold94, 137.04, 57.12, 1.79986
FILLER_0_17_281, 137.04, 57.12, 1.79986
_400_, 149.84, 57.12, 1.79987
hold66, 149.84, 57.12, 1.79987
FILLER_0_17_315, 149.84, 57.12, 1.79987
_416_, 162.64, 57.12, 1.79989
clkbuf_leaf_17_clk, 162.64, 57.12, 1.79989
hold76, 162.64, 57.12, 1.79989
FILLER_0_17_328, 162.64, 57.12, 1.79989
_643_, 187.722, 57.12, 1.79989
hold40, 187.722, 57.12, 1.79989
FILLER_0_18_408, 187.722, 57.12, 1.79989
_659_, 200.005, 57.12, 1.79986
hold19, 200.005, 57.12, 1.79986
FILLER_0_17_413, 200.005, 57.12, 1.79986
FILLER_0_18_433, 200.005, 57.12, 1.79986
_464_, 212.287, 57.12, 1.79983
_664_, 212.287, 57.12, 1.79983
_469_, 224.57, 57.12, 1.79982
hold109, 224.57, 57.12, 1.79982
FILLER_0_16_467, 224.57, 57.12, 1.79982
_697_, 236.852, 57.12, 1.7998
hold77, 236.852, 57.12, 1.7998
hold207, 236.852, 57.12, 1.7998
FILLER_0_17_505, 236.852, 57.12, 1.7998
_682_, 249.135, 57.12, 1.79979
_685_, 249.135, 57.12, 1.79979
FILLER_0_16_522, 249.135, 57.12, 1.79979
FILLER_0_17_529, 249.135, 57.12, 1.79979
FILLER_0_18_533, 249.135, 57.12, 1.79979
_247_, 261.417, 57.12, 1.79979
_250_, 261.417, 57.12, 1.79979
FILLER_0_16_545, 261.417, 57.12, 1.79979
PHY_EDGE_ROW_14_Left_112, 5.52, 51.68, 1.79998
PHY_EDGE_ROW_15_Left_113, 5.52, 51.68, 1.79998
PHY_EDGE_ROW_14_Right_14, 273.7, 51.68, 1.79991
PHY_EDGE_ROW_15_Right_15, 273.7, 51.68, 1.79991
FILLER_0_14_577, 273.7, 51.68, 1.79991
FILLER_0_15_573, 273.7, 51.68, 1.79991
_488_, 34.64, 51.68, 1.79996
FILLER_0_15_51, 34.64, 51.68, 1.79996
FILLER_0_15_69, 34.64, 51.68, 1.79996
FILLER_0_16_74, 34.64, 51.68, 1.79996
_309_, 47.44, 51.68, 1.79995
_504_, 47.44, 51.68, 1.79995
hold53, 47.44, 51.68, 1.79995
FILLER_0_14_85, 47.44, 51.68, 1.79995
FILLER_0_15_92, 47.44, 51.68, 1.79995
FILLER_0_15_108, 60.24, 51.68, 1.79995
hold6, 73.04, 51.68, 1.79994
FILLER_0_14_136, 73.04, 51.68, 1.79994
FILLER_0_14_141, 73.04, 51.68, 1.79994
fanout262, 85.84, 51.68, 1.79994
hold157, 85.84, 51.68, 1.79994
FILLER_0_15_161, 85.84, 51.68, 1.79994
FILLER_0_16_188, 85.84, 51.68, 1.79994
_352_, 98.64, 51.68, 1.79993
_547_, 98.64, 51.68, 1.79993
hold59, 98.64, 51.68, 1.79993
FILLER_0_14_190, 98.64, 51.68, 1.79993
FILLER_0_16_209, 98.64, 51.68, 1.79993
_368_, 111.44, 51.68, 1.79994
FILLER_0_15_221, 111.44, 51.68, 1.79994
FILLER_0_15_225, 111.44, 51.68, 1.79994
FILLER_0_16_243, 111.44, 51.68, 1.79994
_384_, 124.24, 51.68, 1.79994
FILLER_0_16_265, 124.24, 51.68, 1.79994
FILLER_0_15_272, 137.04, 51.68, 1.79995
_397_, 149.84, 51.68, 1.79995
_611_, 149.84, 51.68, 1.79995
hold186, 149.84, 51.68, 1.79995
FILLER_0_14_305, 149.84, 51.68, 1.79995
FILLER_0_16_321, 149.84, 51.68, 1.79995
_413_, 162.64, 51.68, 1.79996
FILLER_0_15_329, 162.64, 51.68, 1.79996
_448_, 187.722, 51.68, 1.79996
FILLER_0_15_385, 187.722, 51.68, 1.79996
FILLER_0_16_433, 200.005, 51.68, 1.79995
FILLER_0_15_441, 212.287, 51.68, 1.79993
_240_, 224.57, 51.68, 1.79992
_675_, 224.57, 51.68, 1.79992
FILLER_0_14_469, 224.57, 51.68, 1.79992
FILLER_0_15_473, 224.57, 51.68, 1.79992
_256_, 236.852, 51.68, 1.79991
_691_, 236.852, 51.68, 1.79991
hold98, 236.852, 51.68, 1.79991
hold138, 236.852, 51.68, 1.79991
FILLER_0_15_496, 236.852, 51.68, 1.79991
FILLER_0_14_526, 249.135, 51.68, 1.79991
PHY_EDGE_ROW_12_Left_110, 5.52, 46.24, 1.79997
PHY_EDGE_ROW_13_Left_111, 5.52, 46.24, 1.79997
FILLER_0_13_3, 5.52, 46.24, 1.79997
PHY_EDGE_ROW_12_Right_12, 273.7, 46.24, 1.7999
PHY_EDGE_ROW_13_Right_13, 273.7, 46.24, 1.7999
FILLER_0_12_572, 273.7, 46.24, 1.7999
FILLER_0_13_576, 273.7, 46.24, 1.7999
fanout258, 13.68, 46.24, 1.79997
hold79, 13.68, 46.24, 1.79997
_481_, 34.64, 46.24, 1.79995
FILLER_0_12_51, 34.64, 46.24, 1.79995
FILLER_0_13_52, 34.64, 46.24, 1.79995
FILLER_0_14_77, 34.64, 46.24, 1.79995
hold46, 47.44, 46.24, 1.79993
hold86, 47.44, 46.24, 1.79993
FILLER_0_13_105, 47.44, 46.24, 1.79993
_515_, 60.24, 46.24, 1.79992
FILLER_0_12_117, 60.24, 46.24, 1.79992
FILLER_0_13_113, 60.24, 46.24, 1.79992
_531_, 73.04, 46.24, 1.79991
_336_, 85.84, 46.24, 1.7999
FILLER_0_13_165, 85.84, 46.24, 1.7999
FILLER_0_12_189, 98.64, 46.24, 1.7999
fanout263, 111.44, 46.24, 1.7999
FILLER_0_12_221, 111.44, 46.24, 1.7999
FILLER_0_13_217, 111.44, 46.24, 1.7999
_381_, 124.24, 46.24, 1.7999
_576_, 124.24, 46.24, 1.7999
FILLER_0_12_245, 124.24, 46.24, 1.7999
FILLER_0_13_249, 124.24, 46.24, 1.7999
_592_, 137.04, 46.24, 1.7999
fanout274, 137.04, 46.24, 1.7999
hold71, 137.04, 46.24, 1.7999
FILLER_0_12_273, 137.04, 46.24, 1.7999
FILLER_0_13_274, 137.04, 46.24, 1.7999
FILLER_0_13_281, 137.04, 46.24, 1.7999
FILLER_0_14_289, 137.04, 46.24, 1.7999
_608_, 149.84, 46.24, 1.79991
FILLER_0_12_300, 149.84, 46.24, 1.79991
_624_, 162.64, 46.24, 1.79993
hold57, 162.64, 46.24, 1.79993
FILLER_0_13_329, 162.64, 46.24, 1.79993
FILLER_0_13_349, 162.64, 46.24, 1.79993
FILLER_0_14_342, 162.64, 46.24, 1.79993
FILLER_0_14_355, 162.64, 46.24, 1.79993
_640_, 187.722, 46.24, 1.79994
hold51, 187.722, 46.24, 1.79994
FILLER_0_12_389, 187.722, 46.24, 1.79994
_656_, 200.005, 46.24, 1.79992
hold54, 200.005, 46.24, 1.79992
FILLER_0_12_414, 200.005, 46.24, 1.79992
FILLER_0_13_413, 200.005, 46.24, 1.79992
_461_, 212.287, 46.24, 1.79992
hold2, 212.287, 46.24, 1.79992
FILLER_0_14_489, 224.57, 46.24, 1.79991
FILLER_0_13_495, 236.852, 46.24, 1.7999
_680_, 249.135, 46.24, 1.7999
FILLER_0_12_527, 249.135, 46.24, 1.7999
FILLER_0_13_529, 249.135, 46.24, 1.7999
FILLER_0_13_537, 249.135, 46.24, 1.7999
_245_, 261.417, 46.24, 1.7999
hold183, 261.417, 46.24, 1.7999
FILLER_0_12_545, 261.417, 46.24, 1.7999
FILLER_0_12_553, 261.417, 46.24, 1.7999
FILLER_0_14_569, 261.417, 46.24, 1.7999
_719_, 5.52, 40.8, 1.79995
PHY_EDGE_ROW_10_Left_108, 5.52, 40.8, 1.79995
PHY_EDGE_ROW_11_Left_109, 5.52, 40.8, 1.79995
FILLER_0_11_3, 5.52, 40.8, 1.79995
FILLER_0_12_3, 5.52, 40.8, 1.79995
PHY_EDGE_ROW_10_Right_10, 273.7, 40.8, 1.79984
PHY_EDGE_ROW_11_Right_11, 273.7, 40.8, 1.79984
FILLER_0_10_573, 273.7, 40.8, 1.79984
FILLER_0_11_572, 273.7, 40.8, 1.79984
_495_, 13.68, 40.8, 1.79996
FILLER_0_10_15, 13.68, 40.8, 1.79996
FILLER_0_11_11, 13.68, 40.8, 1.79996
_286_, 34.64, 40.8, 1.79995
FILLER_0_11_74, 34.64, 40.8, 1.79995
FILLER_0_12_74, 34.64, 40.8, 1.79995
_302_, 47.44, 40.8, 1.79993
_497_, 47.44, 40.8, 1.79993
hold43, 47.44, 40.8, 1.79993
FILLER_0_10_85, 47.44, 40.8, 1.79993
FILLER_0_11_99, 47.44, 40.8, 1.79993
_320_, 60.24, 40.8, 1.79991
_513_, 60.24, 40.8, 1.79991
hold7, 73.04, 40.8, 1.79991
FILLER_0_10_141, 73.04, 40.8, 1.79991
FILLER_0_11_159, 73.04, 40.8, 1.79991
_545_, 85.84, 40.8, 1.7999
hold74, 85.84, 40.8, 1.7999
FILLER_0_11_169, 85.84, 40.8, 1.7999
_350_, 98.64, 40.8, 1.7999
hold69, 98.64, 40.8, 1.7999
FILLER_0_10_193, 98.64, 40.8, 1.7999
_366_, 111.44, 40.8, 1.7999
_561_, 111.44, 40.8, 1.7999
_577_, 124.24, 40.8, 1.7999
hold60, 124.24, 40.8, 1.7999
FILLER_0_10_248, 124.24, 40.8, 1.7999
FILLER_0_11_245, 124.24, 40.8, 1.7999
FILLER_0_11_271, 124.24, 40.8, 1.7999
hold70, 137.04, 40.8, 1.79992
FILLER_0_10_276, 137.04, 40.8, 1.79992
hold163, 149.84, 40.8, 1.79993
FILLER_0_10_309, 149.84, 40.8, 1.79993
_414_, 162.64, 40.8, 1.79994
_445_, 187.722, 40.8, 1.79993
_641_, 187.722, 40.8, 1.79993
FILLER_0_11_385, 187.722, 40.8, 1.79993
_446_, 200.005, 40.8, 1.79991
fanout279, 200.005, 40.8, 1.79991
hold5, 200.005, 40.8, 1.79991
FILLER_0_10_413, 200.005, 40.8, 1.79991
FILLER_0_10_421, 200.005, 40.8, 1.79991
FILLER_0_12_433, 200.005, 40.8, 1.79991
_462_, 212.287, 40.8, 1.79989
_672_, 212.287, 40.8, 1.79989
FILLER_0_10_448, 212.287, 40.8, 1.79989
FILLER_0_11_439, 212.287, 40.8, 1.79989
_477_, 224.57, 40.8, 1.79987
hold73, 224.57, 40.8, 1.79987
FILLER_0_10_473, 224.57, 40.8, 1.79987
FILLER_0_12_480, 224.57, 40.8, 1.79987
_695_, 236.852, 40.8, 1.79986
fanout278, 236.852, 40.8, 1.79986
FILLER_0_11_497, 236.852, 40.8, 1.79986
_260_, 249.135, 40.8, 1.79985
FILLER_0_10_522, 249.135, 40.8, 1.79985
_261_, 261.417, 40.8, 1.79984
_696_, 261.417, 40.8, 1.79984
hold169, 261.417, 40.8, 1.79984
hold192, 261.417, 40.8, 1.79984
FILLER_0_10_545, 261.417, 40.8, 1.79984
PHY_EDGE_ROW_8_Left_106, 5.52, 35.36, 1.79997
PHY_EDGE_ROW_9_Left_107, 5.52, 35.36, 1.79997
PHY_EDGE_ROW_8_Right_8, 273.7, 35.36, 1.7999
PHY_EDGE_ROW_9_Right_9, 273.7, 35.36, 1.7999
FILLER_0_8_577, 273.7, 35.36, 1.7999
FILLER_0_9_573, 273.7, 35.36, 1.7999
_284_, 13.68, 35.36, 1.79997
_300_, 13.68, 35.36, 1.79997
_482_, 34.64, 35.36, 1.79995
FILLER_0_8_53, 34.64, 35.36, 1.79995
FILLER_0_10_77, 34.64, 35.36, 1.79995
hold4, 47.44, 35.36, 1.79994
hold35, 47.44, 35.36, 1.79994
FILLER_0_8_79, 47.44, 35.36, 1.79994
FILLER_0_8_85, 47.44, 35.36, 1.79994
FILLER_0_9_101, 47.44, 35.36, 1.79994
FILLER_0_10_104, 47.44, 35.36, 1.79994
_318_, 60.24, 35.36, 1.79992
FILLER_0_9_109, 60.24, 35.36, 1.79992
FILLER_0_9_113, 60.24, 35.36, 1.79992
_332_, 73.04, 35.36, 1.79991
_334_, 73.04, 35.36, 1.79991
_529_, 73.04, 35.36, 1.79991
FILLER_0_8_134, 73.04, 35.36, 1.79991
FILLER_0_9_156, 73.04, 35.36, 1.79991
_543_, 85.84, 35.36, 1.7999
hold72, 85.84, 35.36, 1.7999
FILLER_0_9_162, 85.84, 35.36, 1.7999
FILLER_0_9_169, 85.84, 35.36, 1.7999
_348_, 98.64, 35.36, 1.7999
hold61, 98.64, 35.36, 1.7999
FILLER_0_9_200, 98.64, 35.36, 1.7999
FILLER_0_9_213, 98.64, 35.36, 1.7999
FILLER_0_10_212, 98.64, 35.36, 1.7999
_364_, 111.44, 35.36, 1.7999
hold56, 111.44, 35.36, 1.7999
FILLER_0_9_221, 111.44, 35.36, 1.7999
FILLER_0_9_240, 111.44, 35.36, 1.7999
_382_, 124.24, 35.36, 1.7999
_575_, 124.24, 35.36, 1.7999
_398_, 137.04, 35.36, 1.7999
_593_, 137.04, 35.36, 1.7999
hold47, 137.04, 35.36, 1.7999
FILLER_0_8_273, 137.04, 35.36, 1.7999
FILLER_0_9_275, 137.04, 35.36, 1.7999
FILLER_0_9_293, 137.04, 35.36, 1.7999
_609_, 149.84, 35.36, 1.79992
_625_, 162.64, 35.36, 1.79993
hold42, 162.64, 35.36, 1.79993
FILLER_0_9_349, 162.64, 35.36, 1.79993
FILLER_0_10_342, 162.64, 35.36, 1.79993
_444_, 187.722, 35.36, 1.79994
FILLER_0_8_389, 187.722, 35.36, 1.79994
FILLER_0_9_386, 187.722, 35.36, 1.79994
_657_, 200.005, 35.36, 1.79992
FILLER_0_8_411, 200.005, 35.36, 1.79992
_673_, 212.287, 35.36, 1.79991
hold63, 212.287, 35.36, 1.79991
FILLER_0_9_441, 212.287, 35.36, 1.79991
FILLER_0_9_449, 212.287, 35.36, 1.79991
_478_, 224.57, 35.36, 1.7999
_688_, 224.57, 35.36, 1.7999
FILLER_0_8_469, 224.57, 35.36, 1.7999
FILLER_0_10_477, 224.57, 35.36, 1.7999
_253_, 236.852, 35.36, 1.7999
hold123, 236.852, 35.36, 1.7999
FILLER_0_9_493, 236.852, 35.36, 1.7999
FILLER_0_9_501, 236.852, 35.36, 1.7999
FILLER_0_8_526, 249.135, 35.36, 1.7999
FILLER_0_9_553, 261.417, 35.36, 1.7999
PHY_EDGE_ROW_6_Left_104, 5.52, 29.92, 1.79995
PHY_EDGE_ROW_7_Left_105, 5.52, 29.92, 1.79995
PHY_EDGE_ROW_6_Right_6, 273.7, 29.92, 1.7998
PHY_EDGE_ROW_7_Right_7, 273.7, 29.92, 1.7998
FILLER_0_6_572, 273.7, 29.92, 1.7998
FILLER_0_7_573, 273.7, 29.92, 1.7998
_287_, 34.64, 29.92, 1.79991
FILLER_0_7_51, 34.64, 29.92, 1.79991
FILLER_0_7_69, 34.64, 29.92, 1.79991
FILLER_0_7_77, 34.64, 29.92, 1.79991
_498_, 47.44, 29.92, 1.79988
FILLER_0_6_85, 47.44, 29.92, 1.79988
_514_, 60.24, 29.92, 1.79985
_527_, 60.24, 29.92, 1.79985
hold36, 60.24, 29.92, 1.79985
FILLER_0_6_107, 60.24, 29.92, 1.79985
FILLER_0_7_121, 60.24, 29.92, 1.79985
hold32, 73.04, 29.92, 1.79983
FILLER_0_8_156, 73.04, 29.92, 1.79983
FILLER_0_7_161, 85.84, 29.92, 1.79981
_559_, 98.64, 29.92, 1.79979
FILLER_0_6_193, 98.64, 29.92, 1.79979
hold75, 111.44, 29.92, 1.79978
FILLER_0_7_217, 111.44, 29.92, 1.79978
_380_, 124.24, 29.92, 1.79977
clkbuf_leaf_19_clk, 124.24, 29.92, 1.79977
FILLER_0_6_245, 124.24, 29.92, 1.79977
_591_, 137.04, 29.92, 1.79979
FILLER_0_7_276, 137.04, 29.92, 1.79979
FILLER_0_8_299, 137.04, 29.92, 1.79979
_396_, 149.84, 29.92, 1.79982
_607_, 149.84, 29.92, 1.79982
hold152, 149.84, 29.92, 1.79982
FILLER_0_6_301, 149.84, 29.92, 1.79982
FILLER_0_7_305, 149.84, 29.92, 1.79982
_623_, 162.64, 29.92, 1.79986
clkbuf_leaf_16_clk, 162.64, 29.92, 1.79986
hold21, 162.64, 29.92, 1.79986
FILLER_0_7_337, 162.64, 29.92, 1.79986
FILLER_0_8_345, 162.64, 29.92, 1.79986
_639_, 187.722, 29.92, 1.79989
hold3, 187.722, 29.92, 1.79989
_655_, 200.005, 29.92, 1.79987
hold26, 200.005, 29.92, 1.79987
FILLER_0_6_413, 200.005, 29.92, 1.79987
FILLER_0_7_413, 200.005, 29.92, 1.79987
_460_, 212.287, 29.92, 1.79985
hold48, 212.287, 29.92, 1.79985
FILLER_0_7_441, 212.287, 29.92, 1.79985
hold37, 224.57, 29.92, 1.79983
FILLER_0_8_489, 224.57, 29.92, 1.79983
_689_, 236.852, 29.92, 1.79982
FILLER_0_7_505, 236.852, 29.92, 1.79982
_248_, 249.135, 29.92, 1.7998
_254_, 249.135, 29.92, 1.7998
_683_, 249.135, 29.92, 1.7998
FILLER_0_6_522, 249.135, 29.92, 1.7998
FILLER_0_7_531, 249.135, 29.92, 1.7998
_698_, 261.417, 29.92, 1.7998
FILLER_0_6_543, 261.417, 29.92, 1.7998
FILLER_0_7_554, 261.417, 29.92, 1.7998
_718_, 5.52, 24.48, 1.79995
PHY_EDGE_ROW_4_Left_102, 5.52, 24.48, 1.79995
PHY_EDGE_ROW_5_Left_103, 5.52, 24.48, 1.79995
FILLER_0_5_3, 5.52, 24.48, 1.79995
PHY_EDGE_ROW_4_Right_4, 273.7, 24.48, 1.79967
PHY_EDGE_ROW_5_Right_5, 273.7, 24.48, 1.79967
FILLER_0_4_577, 273.7, 24.48, 1.79967
FILLER_0_5_576, 273.7, 24.48, 1.79967
FILLER_0_4_15, 13.68, 24.48, 1.79995
FILLER_0_5_52, 34.64, 24.48, 1.79992
FILLER_0_6_77, 34.64, 24.48, 1.79992
_301_, 47.44, 24.48, 1.79988
_303_, 47.44, 24.48, 1.79988
FILLER_0_5_105, 47.44, 24.48, 1.79988
FILLER_0_6_93, 47.44, 24.48, 1.79988
FILLER_0_6_99, 47.44, 24.48, 1.79988
_319_, 60.24, 24.48, 1.79984
clkbuf_leaf_20_clk, 60.24, 24.48, 1.79984
FILLER_0_5_113, 60.24, 24.48, 1.79984
FILLER_0_5_122, 60.24, 24.48, 1.79984
FILLER_0_6_130, 60.24, 24.48, 1.79984
_530_, 73.04, 24.48, 1.79983
FILLER_0_4_133, 73.04, 24.48, 1.79983
FILLER_0_5_140, 73.04, 24.48, 1.79983
_546_, 85.84, 24.48, 1.79983
hold28, 85.84, 24.48, 1.79983
FILLER_0_5_169, 85.84, 24.48, 1.79983
FILLER_0_6_185, 85.84, 24.48, 1.79983
_351_, 98.64, 24.48, 1.79984
hold45, 98.64, 24.48, 1.79984
FILLER_0_5_206, 98.64, 24.48, 1.79984
_562_, 111.44, 24.48, 1.79985
FILLER_0_5_221, 111.44, 24.48, 1.79985
hold27, 124.24, 24.48, 1.79986
hold15, 137.04, 24.48, 1.79988
hold16, 137.04, 24.48, 1.79988
FILLER_0_5_273, 137.04, 24.48, 1.79988
_412_, 149.84, 24.48, 1.79989
FILLER_0_4_309, 149.84, 24.48, 1.79989
FILLER_0_6_321, 149.84, 24.48, 1.79989
FILLER_0_5_329, 162.64, 24.48, 1.79991
FILLER_0_6_354, 162.64, 24.48, 1.79991
FILLER_0_5_385, 187.722, 24.48, 1.79985
FILLER_0_5_405, 187.722, 24.48, 1.79985
clkbuf_leaf_15_clk, 200.005, 24.48, 1.79979
FILLER_0_4_413, 200.005, 24.48, 1.79979
_671_, 212.287, 24.48, 1.79975
FILLER_0_5_445, 212.287, 24.48, 1.79975
FILLER_0_5_461, 212.287, 24.48, 1.79975
_476_, 224.57, 24.48, 1.79972
_687_, 224.57, 24.48, 1.79972
FILLER_0_4_469, 224.57, 24.48, 1.79972
FILLER_0_6_477, 224.57, 24.48, 1.79972
_252_, 236.852, 24.48, 1.79969
output155, 236.852, 24.48, 1.79969
FILLER_0_5_493, 236.852, 24.48, 1.79969
FILLER_0_5_501, 236.852, 24.48, 1.79969
clkbuf_leaf_14_clk, 249.135, 24.48, 1.79967
hold31, 249.135, 24.48, 1.79967
FILLER_0_4_527, 249.135, 24.48, 1.79967
FILLER_0_5_529, 249.135, 24.48, 1.79967
_263_, 261.417, 24.48, 1.79967
FILLER_0_5_556, 261.417, 24.48, 1.79967
PHY_EDGE_ROW_2_Left_100, 5.52, 19.04, 1.79994
PHY_EDGE_ROW_3_Left_101, 5.52, 19.04, 1.79994
PHY_EDGE_ROW_2_Right_2, 273.7, 19.04, 1.79976
PHY_EDGE_ROW_3_Right_3, 273.7, 19.04, 1.79976
FILLER_0_2_574, 273.7, 19.04, 1.79976
FILLER_0_3_573, 273.7, 19.04, 1.79976
hold58, 13.68, 19.04, 1.79994
_285_, 34.64, 19.04, 1.79989
_315_, 34.64, 19.04, 1.79989
_496_, 34.64, 19.04, 1.79989
output29, 34.64, 19.04, 1.79989
output129, 34.64, 19.04, 1.79989
output191, 34.64, 19.04, 1.79989
output224, 34.64, 19.04, 1.79989
hold10, 34.64, 19.04, 1.79989
hold23, 34.64, 19.04, 1.79989
FILLER_0_3_51, 34.64, 19.04, 1.79989
FILLER_0_3_57, 34.64, 19.04, 1.79989
FILLER_0_3_69, 34.64, 19.04, 1.79989
_317_, 47.44, 19.04, 1.79986
_512_, 47.44, 19.04, 1.79986
output174, 47.44, 19.04, 1.79986
hold34, 47.44, 19.04, 1.79986
FILLER_0_3_97, 47.44, 19.04, 1.79986
FILLER_0_3_105, 47.44, 19.04, 1.79986
_331_, 60.24, 19.04, 1.79983
_526_, 60.24, 19.04, 1.79983
output185, 60.24, 19.04, 1.79983
output192, 60.24, 19.04, 1.79983
output194, 60.24, 19.04, 1.79983
FILLER_0_3_118, 60.24, 19.04, 1.79983
FILLER_0_3_125, 60.24, 19.04, 1.79983
_333_, 73.04, 19.04, 1.79981
_335_, 73.04, 19.04, 1.79981
output196, 73.04, 19.04, 1.79981
output198, 73.04, 19.04, 1.79981
output203, 73.04, 19.04, 1.79981
output205, 73.04, 19.04, 1.79981
hold39, 73.04, 19.04, 1.79981
FILLER_0_3_148, 73.04, 19.04, 1.79981
FILLER_0_4_153, 73.04, 19.04, 1.79981
_347_, 85.84, 19.04, 1.7998
_544_, 85.84, 19.04, 1.7998
output216, 85.84, 19.04, 1.7998
hold30, 85.84, 19.04, 1.7998
FILLER_0_2_171, 85.84, 19.04, 1.7998
FILLER_0_3_164, 85.84, 19.04, 1.7998
FILLER_0_3_169, 85.84, 19.04, 1.7998
FILLER_0_3_181, 85.84, 19.04, 1.7998
FILLER_0_4_186, 85.84, 19.04, 1.7998
_349_, 98.64, 19.04, 1.79979
_363_, 98.64, 19.04, 1.79979
_558_, 98.64, 19.04, 1.79979
hold33, 98.64, 19.04, 1.79979
FILLER_0_3_196, 98.64, 19.04, 1.79979
FILLER_0_3_204, 98.64, 19.04, 1.79979
_367_, 111.44, 19.04, 1.79979
_560_, 111.44, 19.04, 1.79979
hold49, 111.44, 19.04, 1.79979
FILLER_0_3_218, 111.44, 19.04, 1.79979
FILLER_0_3_225, 111.44, 19.04, 1.79979
FILLER_0_3_233, 111.44, 19.04, 1.79979
FILLER_0_3_244, 111.44, 19.04, 1.79979
FILLER_0_4_244, 111.44, 19.04, 1.79979
_379_, 124.24, 19.04, 1.79979
_574_, 124.24, 19.04, 1.79979
_578_, 124.24, 19.04, 1.79979
FILLER_0_3_252, 124.24, 19.04, 1.79979
_383_, 137.04, 19.04, 1.79981
_395_, 137.04, 19.04, 1.79981
_590_, 137.04, 19.04, 1.79981
_594_, 137.04, 19.04, 1.79981
FILLER_0_2_273, 137.04, 19.04, 1.79981
FILLER_0_3_281, 137.04, 19.04, 1.79981
_399_, 149.84, 19.04, 1.79984
_411_, 149.84, 19.04, 1.79984
_606_, 149.84, 19.04, 1.79984
hold83, 149.84, 19.04, 1.79984
hold140, 149.84, 19.04, 1.79984
FILLER_0_2_301, 149.84, 19.04, 1.79984
FILLER_0_2_312, 149.84, 19.04, 1.79984
FILLER_0_4_323, 149.84, 19.04, 1.79984
_415_, 162.64, 19.04, 1.79987
_626_, 162.64, 19.04, 1.79987
hold1, 162.64, 19.04, 1.79987
FILLER_0_3_337, 162.64, 19.04, 1.79987
FILLER_0_4_354, 162.64, 19.04, 1.79987
_443_, 187.722, 19.04, 1.79988
_447_, 187.722, 19.04, 1.79988
output93, 187.722, 19.04, 1.79988
hold29, 187.722, 19.04, 1.79988
FILLER_0_3_389, 187.722, 19.04, 1.79988
_654_, 200.005, 19.04, 1.79984
output100, 200.005, 19.04, 1.79984
output102, 200.005, 19.04, 1.79984
output109, 200.005, 19.04, 1.79984
output110, 200.005, 19.04, 1.79984
output112, 200.005, 19.04, 1.79984
output114, 200.005, 19.04, 1.79984
hold13, 200.005, 19.04, 1.79984
_459_, 212.287, 19.04, 1.79982
_463_, 212.287, 19.04, 1.79982
output118, 212.287, 19.04, 1.79982
output120, 212.287, 19.04, 1.79982
hold11, 212.287, 19.04, 1.79982
FILLER_0_3_443, 212.287, 19.04, 1.79982
FILLER_0_3_457, 212.287, 19.04, 1.79982
_475_, 224.57, 19.04, 1.7998
_479_, 224.57, 19.04, 1.7998
output135, 224.57, 19.04, 1.7998
hold84, 224.57, 19.04, 1.7998
FILLER_0_3_478, 224.57, 19.04, 1.7998
FILLER_0_4_489, 224.57, 19.04, 1.7998
_686_, 236.852, 19.04, 1.79978
output150, 236.852, 19.04, 1.79978
output153, 236.852, 19.04, 1.79978
output156, 236.852, 19.04, 1.79978
hold9, 236.852, 19.04, 1.79978
FILLER_0_3_501, 236.852, 19.04, 1.79978
_255_, 249.135, 19.04, 1.79977
output157, 249.135, 19.04, 1.79977
output159, 249.135, 19.04, 1.79977
output161, 249.135, 19.04, 1.79977
output163, 249.135, 19.04, 1.79977
output165, 249.135, 19.04, 1.79977
FILLER_0_3_538, 249.135, 19.04, 1.79977
_264_, 261.417, 19.04, 1.79976
_701_, 261.417, 19.04, 1.79976
FILLER_0_3_549, 261.417, 19.04, 1.79976
FILLER_0_3_557, 261.417, 19.04, 1.79976
FILLER_0_4_569, 261.417, 19.04, 1.79976
_494_, 5.52, 13.6, 1.7999
PHY_EDGE_ROW_0_Left_98, 5.52, 13.6, 1.7999
PHY_EDGE_ROW_1_Left_99, 5.52, 13.6, 1.7999
FILLER_0_2_3, 5.52, 13.6, 1.7999
PHY_EDGE_ROW_0_Right_0, 273.7, 13.6, 1.79947
PHY_EDGE_ROW_1_Right_1, 273.7, 13.6, 1.79947
FILLER_0_0_577, 273.7, 13.6, 1.79947
FILLER_0_1_576, 273.7, 13.6, 1.79947
output40, 34.64, 13.6, 1.79983
output51, 34.64, 13.6, 1.79983
output73, 34.64, 13.6, 1.79983
output84, 34.64, 13.6, 1.79983
output95, 34.64, 13.6, 1.79983
output106, 34.64, 13.6, 1.79983
output117, 34.64, 13.6, 1.79983
output128, 34.64, 13.6, 1.79983
output151, 34.64, 13.6, 1.79983
output173, 34.64, 13.6, 1.79983
output202, 34.64, 13.6, 1.79983
output246, 34.64, 13.6, 1.79983
ANTENNA_3, 34.64, 13.6, 1.79983
FILLER_0_1_57, 34.64, 13.6, 1.79983
output140, 47.44, 13.6, 1.79977
output162, 47.44, 13.6, 1.79977
output175, 47.44, 13.6, 1.79977
output176, 47.44, 13.6, 1.79977
output177, 47.44, 13.6, 1.79977
output178, 47.44, 13.6, 1.79977
output179, 47.44, 13.6, 1.79977
output181, 47.44, 13.6, 1.79977
output182, 47.44, 13.6, 1.79977
output183, 47.44, 13.6, 1.79977
output184, 47.44, 13.6, 1.79977
output186, 47.44, 13.6, 1.79977
output188, 47.44, 13.6, 1.79977
FILLER_0_0_85, 47.44, 13.6, 1.79977
_528_, 60.24, 13.6, 1.79971
output187, 60.24, 13.6, 1.79971
output189, 60.24, 13.6, 1.79971
output190, 60.24, 13.6, 1.79971
output193, 60.24, 13.6, 1.79971
output195, 60.24, 13.6, 1.79971
output197, 60.24, 13.6, 1.79971
output199, 60.24, 13.6, 1.79971
output201, 60.24, 13.6, 1.79971
output204, 60.24, 13.6, 1.79971
output208, 60.24, 13.6, 1.79971
hold52, 60.24, 13.6, 1.79971
FILLER_0_0_113, 60.24, 13.6, 1.79971
_542_, 73.04, 13.6, 1.79967
output200, 73.04, 13.6, 1.79967
output206, 73.04, 13.6, 1.79967
output207, 73.04, 13.6, 1.79967
output209, 73.04, 13.6, 1.79967
output210, 73.04, 13.6, 1.79967
output211, 73.04, 13.6, 1.79967
output212, 73.04, 13.6, 1.79967
output215, 73.04, 13.6, 1.79967
output217, 73.04, 13.6, 1.79967
output219, 73.04, 13.6, 1.79967
output221, 73.04, 13.6, 1.79967
FILLER_0_0_141, 73.04, 13.6, 1.79967
output214, 85.84, 13.6, 1.79965
output218, 85.84, 13.6, 1.79965
output220, 85.84, 13.6, 1.79965
output222, 85.84, 13.6, 1.79965
output223, 85.84, 13.6, 1.79965
output225, 85.84, 13.6, 1.79965
output226, 85.84, 13.6, 1.79965
output227, 85.84, 13.6, 1.79965
output228, 85.84, 13.6, 1.79965
output230, 85.84, 13.6, 1.79965
hold25, 85.84, 13.6, 1.79965
FILLER_0_0_169, 85.84, 13.6, 1.79965
FILLER_0_1_177, 85.84, 13.6, 1.79965
output229, 98.64, 13.6, 1.79964
output231, 98.64, 13.6, 1.79964
output232, 98.64, 13.6, 1.79964
output233, 98.64, 13.6, 1.79964
output234, 98.64, 13.6, 1.79964
output236, 98.64, 13.6, 1.79964
output237, 98.64, 13.6, 1.79964
output238, 98.64, 13.6, 1.79964
output239, 98.64, 13.6, 1.79964
output240, 98.64, 13.6, 1.79964
output241, 98.64, 13.6, 1.79964
output242, 98.64, 13.6, 1.79964
output244, 98.64, 13.6, 1.79964
ANTENNA_2, 98.64, 13.6, 1.79964
_365_, 111.44, 13.6, 1.79964
output19, 111.44, 13.6, 1.79964
output243, 111.44, 13.6, 1.79964
output245, 111.44, 13.6, 1.79964
output247, 111.44, 13.6, 1.79964
output248, 111.44, 13.6, 1.79964
output249, 111.44, 13.6, 1.79964
output250, 111.44, 13.6, 1.79964
output251, 111.44, 13.6, 1.79964
output252, 111.44, 13.6, 1.79964
output253, 111.44, 13.6, 1.79964
output254, 111.44, 13.6, 1.79964
output255, 111.44, 13.6, 1.79964
FILLER_0_0_225, 111.44, 13.6, 1.79964
FILLER_0_2_240, 111.44, 13.6, 1.79964
output20, 124.24, 13.6, 1.79965
output21, 124.24, 13.6, 1.79965
output22, 124.24, 13.6, 1.79965
output23, 124.24, 13.6, 1.79965
output24, 124.24, 13.6, 1.79965
output25, 124.24, 13.6, 1.79965
output26, 124.24, 13.6, 1.79965
output27, 124.24, 13.6, 1.79965
output28, 124.24, 13.6, 1.79965
output30, 124.24, 13.6, 1.79965
output32, 124.24, 13.6, 1.79965
output256, 124.24, 13.6, 1.79965
FILLER_0_0_253, 124.24, 13.6, 1.79965
output31, 137.04, 13.6, 1.79967
output33, 137.04, 13.6, 1.79967
output34, 137.04, 13.6, 1.79967
output35, 137.04, 13.6, 1.79967
output36, 137.04, 13.6, 1.79967
output37, 137.04, 13.6, 1.79967
output38, 137.04, 13.6, 1.79967
output39, 137.04, 13.6, 1.79967
output41, 137.04, 13.6, 1.79967
output42, 137.04, 13.6, 1.79967
output43, 137.04, 13.6, 1.79967
output44, 137.04, 13.6, 1.79967
output45, 137.04, 13.6, 1.79967
_610_, 149.84, 13.6, 1.79971
output46, 149.84, 13.6, 1.79971
output47, 149.84, 13.6, 1.79971
output48, 149.84, 13.6, 1.79971
output49, 149.84, 13.6, 1.79971
output50, 149.84, 13.6, 1.79971
output52, 149.84, 13.6, 1.79971
output53, 149.84, 13.6, 1.79971
output54, 149.84, 13.6, 1.79971
output55, 149.84, 13.6, 1.79971
output57, 149.84, 13.6, 1.79971
output58, 149.84, 13.6, 1.79971
FILLER_0_1_301, 149.84, 13.6, 1.79971
_622_, 162.64, 13.6, 1.79976
output56, 162.64, 13.6, 1.79976
output59, 162.64, 13.6, 1.79976
output60, 162.64, 13.6, 1.79976
output61, 162.64, 13.6, 1.79976
output63, 162.64, 13.6, 1.79976
output64, 162.64, 13.6, 1.79976
output65, 162.64, 13.6, 1.79976
output66, 162.64, 13.6, 1.79976
output67, 162.64, 13.6, 1.79976
output68, 162.64, 13.6, 1.79976
output71, 162.64, 13.6, 1.79976
hold18, 162.64, 13.6, 1.79976
FILLER_0_0_333, 162.64, 13.6, 1.79976
_642_, 187.722, 13.6, 1.79973
output81, 187.722, 13.6, 1.79973
output86, 187.722, 13.6, 1.79973
output87, 187.722, 13.6, 1.79973
output88, 187.722, 13.6, 1.79973
output89, 187.722, 13.6, 1.79973
output90, 187.722, 13.6, 1.79973
output91, 187.722, 13.6, 1.79973
output94, 187.722, 13.6, 1.79973
output98, 187.722, 13.6, 1.79973
FILLER_0_0_389, 187.722, 13.6, 1.79973
_658_, 200.005, 13.6, 1.79966
output92, 200.005, 13.6, 1.79966
output96, 200.005, 13.6, 1.79966
output97, 200.005, 13.6, 1.79966
output99, 200.005, 13.6, 1.79966
output101, 200.005, 13.6, 1.79966
output103, 200.005, 13.6, 1.79966
hold20, 200.005, 13.6, 1.79966
FILLER_0_0_417, 200.005, 13.6, 1.79966
_670_, 212.287, 13.6, 1.79959
output104, 212.287, 13.6, 1.79959
output105, 212.287, 13.6, 1.79959
output107, 212.287, 13.6, 1.79959
output108, 212.287, 13.6, 1.79959
output111, 212.287, 13.6, 1.79959
output113, 212.287, 13.6, 1.79959
output116, 212.287, 13.6, 1.79959
output119, 212.287, 13.6, 1.79959
output122, 212.287, 13.6, 1.79959
FILLER_0_0_445, 212.287, 13.6, 1.79959
_674_, 224.57, 13.6, 1.79953
output115, 224.57, 13.6, 1.79953
output121, 224.57, 13.6, 1.79953
output123, 224.57, 13.6, 1.79953
output124, 224.57, 13.6, 1.79953
output125, 224.57, 13.6, 1.79953
output126, 224.57, 13.6, 1.79953
output127, 224.57, 13.6, 1.79953
output130, 224.57, 13.6, 1.79953
output131, 224.57, 13.6, 1.79953
output133, 224.57, 13.6, 1.79953
output136, 224.57, 13.6, 1.79953
hold89, 224.57, 13.6, 1.79953
FILLER_0_0_473, 224.57, 13.6, 1.79953
_251_, 236.852, 13.6, 1.7995
_690_, 236.852, 13.6, 1.7995
output132, 236.852, 13.6, 1.7995
output134, 236.852, 13.6, 1.7995
output137, 236.852, 13.6, 1.7995
output138, 236.852, 13.6, 1.7995
output139, 236.852, 13.6, 1.7995
output141, 236.852, 13.6, 1.7995
output142, 236.852, 13.6, 1.7995
output143, 236.852, 13.6, 1.7995
output144, 236.852, 13.6, 1.7995
FILLER_0_0_501, 236.852, 13.6, 1.7995
_699_, 249.135, 13.6, 1.79948
output145, 249.135, 13.6, 1.79948
output146, 249.135, 13.6, 1.79948
output147, 249.135, 13.6, 1.79948
output148, 249.135, 13.6, 1.79948
output149, 249.135, 13.6, 1.79948
output152, 249.135, 13.6, 1.79948
output164, 249.135, 13.6, 1.79948
output167, 249.135, 13.6, 1.79948
ANTENNA_1, 249.135, 13.6, 1.79948
FILLER_0_0_529, 249.135, 13.6, 1.79948
_266_, 261.417, 13.6, 1.79947
output154, 261.417, 13.6, 1.79947
output158, 261.417, 13.6, 1.79947
output160, 261.417, 13.6, 1.79947
output166, 261.417, 13.6, 1.79947
output168, 261.417, 13.6, 1.79947
output169, 261.417, 13.6, 1.79947
output170, 261.417, 13.6, 1.79947
output171, 261.417, 13.6, 1.79947
output172, 261.417, 13.6, 1.79947
FILLER_0_0_557, 261.417, 13.6, 1.79947
FILLER_0_0_569, 261.417, 13.6, 1.79947

